date,target,forward_return,sentiment_mean,probability,threshold,test_year,model,feature_set,position,turnover,strategy_return,market_return,strategy_curve,market_curve
2014-01-29,1,0.006977684607766488,-0.199248,0.38997089862823486,0.35,2014,xgboost,price_news,0.0,0.0,0.0,0.006977684607766488,1.0,1.0069776846077665
2014-01-30,0,-0.009449455799201978,-0.34186000000000005,0.5807210803031921,0.35,2014,xgboost,price_news,1.0,1.0,-0.010449455799201979,-0.009449455799201978,0.989550544200798,0.9974622934862827
2014-01-31,0,-0.020769025254759987,-0.25086800000000004,0.687752902507782,0.35,2014,xgboost,price_news,1.0,0.0,-0.020769025254759987,-0.020769025254759987,0.9689985439574301,0.9767459739221953
2014-02-03,1,0.004712246950385746,-0.29625199999999996,0.5979211926460266,0.35,2014,xgboost,price_news,1.0,0.0,0.004712246950385746,0.004712246950385746,0.9735647043911217,0.9813486421591118
2014-02-04,0,-0.00032435656060381124,-0.130032,0.5494281053543091,0.35,2014,xgboost,price_news,0.0,1.0,-0.001,-0.00032435656060381124,0.9725911396867306,0.9810303352887878
2014-02-05,1,0.012195401122933935,-0.262412,0.44414567947387695,0.35,2014,xgboost,price_news,0.0,0.0,0.0,0.012195401122933935,0.9725911396867306,0.992994393741401
2014-02-06,1,0.010592794210854573,-0.07840799999999999,0.5001758337020874,0.35,2014,xgboost,price_news,0.0,0.0,0.0,0.010592794210854573,0.9725911396867306,1.003512979006836
2014-02-07,1,0.00048815511646904675,-0.06527200000000001,0.6445299386978149,0.35,2014,xgboost,price_news,1.0,1.0,-0.0005118448835309533,0.00048815511646904675,0.9720933238881144,1.0040028490019812
2014-02-10,1,0.01221250829961118,-0.11324800000000002,0.523906409740448,0.35,2014,xgboost,price_news,0.0,1.0,-0.001,0.01221250829961118,0.9711212305642263,1.0162642421282513
2014-02-11,0,-0.0019274489038587639,-0.197612,0.3845840096473694,0.35,2014,xgboost,price_news,0.0,0.0,-0.0,-0.0019274489038587639,0.9711212305642263,1.0143054447287303
2014-02-12,1,0.003987074136181823,-0.101256,0.6810137033462524,0.35,2014,xgboost,price_news,1.0,1.0,0.002987074136181823,0.003987074136181823,0.9740220416751418,1.0183495557335966
2014-02-13,1,0.007911345700393424,-0.18343200000000004,0.4082685708999634,0.35,2014,xgboost,price_news,0.0,1.0,-0.001,0.007911345700393424,0.9730480196334667,1.026406071112847
2014-02-14,0,-0.0014849992802402623,-0.030755999999999988,0.5025519728660583,0.35,2014,xgboost,price_news,0.0,0.0,-0.0,-0.0014849992802402623,0.9730480196334667,1.0248818588360102
2014-02-18,0,-0.00556965845994295,-0.341264,0.584443211555481,0.35,2014,xgboost,price_news,1.0,1.0,-0.00656965845994295,-0.00556965845994295,0.9666554264793509,1.0191736169205021
2014-02-19,1,0.005777285922949904,-0.25514,0.5274688601493835,0.35,2014,xgboost,price_news,0.0,1.0,-0.001,0.005777285922949904,0.9656887710528715,1.025061674310579
2014-02-20,0,-0.0018552182749457247,-0.22173600000000002,0.5494217872619629,0.35,2014,xgboost,price_news,0.0,0.0,-0.0,-0.0018552182749457247,0.9656887710528715,1.0231599611594515
2014-02-21,1,0.0064483580544005825,-0.276004,0.6441954970359802,0.35,2014,xgboost,price_news,1.0,1.0,0.0054483580544005825,0.0064483580544005825,0.9709501892466817,1.0297576629359342
2014-02-24,0,-0.0016955176913893144,-0.14934000000000003,0.4272138476371765,0.35,2014,xgboost,price_news,0.0,1.0,-0.001,-0.0016955176913893144,0.9699792390574351,1.0280116906005825
2014-02-25,1,0.0011588624123879399,-0.22726,0.29532116651535034,0.35,2014,xgboost,price_news,0.0,0.0,0.0,0.0011588624123879399,0.9699792390574351,1.0292030147083149
2014-02-26,1,0.004583180342084381,-0.188496,0.3706592619419098,0.35,2014,xgboost,price_news,0.0,0.0,0.0,0.004583180342084381,0.9699792390574351,1.03392003773334
2014-02-27,1,0.0030148481544920447,-0.061091999999999994,0.45744699239730835,0.35,2014,xgboost,price_news,0.0,0.0,0.0,0.0030148481544920447,0.9699792390574351,1.0370371496509927
2014-02-28,0,-0.009415661004098852,-0.1481,0.4421457350254059,0.35,2014,xgboost,price_news,0.0,0.0,-0.0,-0.009415661004098852,0.9699792390574351,1.027272759401222
2014-03-03,1,0.01409266200970083,-0.12885200000000002,0.650963544845581,0.35,2014,xgboost,price_news,1.0,1.0,0.013092662009700828,0.01409266200970083,0.9826788493908408,1.0417497671912361
2014-03-04,0,-0.0021774475739986254,-0.193932,0.5209682583808899,0.35,2014,xgboost,price_news,0.0,1.0,-0.001,-0.0021774475739986254,0.98169617054145,1.039481411687952
2014-03-05,1,0.003772020734299497,-0.09518,0.6512011289596558,0.35,2014,xgboost,price_news,1.0,1.0,0.002772020734299497,0.003772020734299497,0.9844174526809734,1.043402357125758
2014-03-06,1,0.0018773768930762103,-0.15033200000000002,0.6116518974304199,0.35,2014,xgboost,price_news,1.0,0.0,0.0018773768930762103,0.0018773768930762103,0.9862655752597775,1.0453612166012072
2014-03-07,0,-0.002069020413978828,-0.2798,0.5363410115242004,0.35,2014,xgboost,price_news,0.0,1.0,-0.001,-0.002069020413978828,0.9852793096845177,1.0431983429040776
2014-03-10,0,-0.004106888573341405,-0.308568,0.5490404367446899,0.35,2014,xgboost,price_news,0.0,0.0,-0.0,-0.004106888573341405,0.9852793096845177,1.0389140435498763
2014-03-11,0,-0.0006831234309303547,-0.26596,0.46395546197891235,0.35,2014,xgboost,price_news,0.0,0.0,-0.0,-0.0006831234309303547,0.9852793096845177,1.0382043370240048
2014-03-12,0,-0.014148671787188594,-0.18258400000000002,0.5129444003105164,0.35,2014,xgboost,price_news,0.0,0.0,-0.0,-0.014148671787188594,0.9852793096845177,1.0235151246114165
2014-03-13,0,-0.0026829736216714695,-0.045663999999999996,0.6317851543426514,0.35,2014,xgboost,price_news,1.0,1.0,-0.0036829736216714695,-0.0026829736216714695,0.9816505519769709,1.0207690605307023
2014-03-14,1,0.011300481454022071,-0.06741599999999998,0.45519497990608215,0.35,2014,xgboost,price_news,0.0,1.0,-0.001,0.011300481454022071,0.980668901424994,1.032304242368069
2014-03-17,1,0.005476057103612986,-0.23469600000000004,0.47955697774887085,0.35,2014,xgboost,price_news,0.0,0.0,0.0,0.005476057103612986,0.980668901424994,1.0379571993475785
2014-03-18,0,-0.006979626522387483,-0.042744,0.6458131670951843,0.35,2014,xgboost,price_news,1.0,1.0,-0.007979626522387484,-0.006979626522387483,0.9728435298495025,1.0307126457499092
2014-03-19,1,0.006711795248325103,-0.253364,0.5132520794868469,0.35,2014,xgboost,price_news,0.0,1.0,-0.001,0.006711795248325103,0.971870686319653,1.037630577988042
2014-03-20,0,-0.001731687450450492,-0.12397599999999999,0.5945181250572205,0.35,2014,xgboost,price_news,1.0,1.0,-0.002731687450450492,-0.001731687450450492,0.9692158393623729,1.0358337261379365
2014-03-21,0,-0.00159967304637465,-0.10513199999999999,0.5238808989524841,0.35,2014,xgboost,price_news,0.0,1.0,-0.001,-0.00159967304637465,0.9682466235230105,1.0341767308457077
2014-03-24,1,0.0056024566782890695,-0.152024,0.5967683792114258,0.35,2014,xgboost,price_news,1.0,1.0,0.0046024566782890694,0.0056024566782890695,0.972702936661675,1.0399706611779653
2014-03-25,0,-0.006041689559483365,-0.216496,0.7448726892471313,0.35,2014,xgboost,price_news,1.0,0.0,-0.006041689559483365,-0.006041689559483365,0.9668261674847674,1.0336874812921575
2014-03-26,0,-0.0002925667132096521,-0.246664,0.5243380069732666,0.35,2014,xgboost,price_news,0.0,1.0,-0.001,-0.0002925667132096521,0.9658593413172826,1.0333850587432698
2014-03-27,1,0.0036170848114904786,-0.22384,0.37642523646354675,0.35,2014,xgboost,price_news,0.0,0.0,0.0,0.0036170848114904786,0.9658593413172826,1.0371229001436713
2014-03-28,1,0.008246039011422956,-0.23018800000000003,0.637876033782959,0.35,2014,xgboost,price_news,1.0,1.0,0.0072460390114229565,0.008246039011422956,0.972857995784015,1.045675056037896
2014-03-31,1,0.004554062867355713,-0.04714400000000001,0.44545310735702515,0.35,2014,xgboost,price_news,0.0,1.0,-0.001,0.004554062867355713,0.9718851377882309,1.0504371259819183
2014-04-01,1,0.0024430883282755556,-0.255976,0.5451898574829102,0.35,2014,xgboost,price_news,0.0,0.0,0.0,0.0024430883282755556,0.9718851377882309,1.053003436663992
2014-04-02,0,-2.7105472756749904e-05,-0.242072,0.5467355847358704,0.35,2014,xgboost,price_news,0.0,0.0,-0.0,-2.7105472756749904e-05,0.9718851377882309,1.0529748945080268
2014-04-03,0,-0.00964485462209319,-0.19052,0.5677704215049744,0.35,2014,xgboost,price_news,1.0,1.0,-0.010644854622093192,-0.00964485462209319,0.9615395617871022,1.042819104729783
2014-04-04,0,-0.010165342071169814,-0.228428,0.5454316735267639,0.35,2014,xgboost,price_news,0.0,1.0,-0.001,-0.010165342071169814,0.9605780222253151,1.0322184918118538
2014-04-07,1,0.0006321317926365477,-0.19216,0.4490954875946045,0.35,2014,xgboost,price_news,0.0,0.0,0.0,0.0006321317926365477,0.9605780222253151,1.0328709899374753
2014-04-08,1,0.01113671781370762,-0.146664,0.6737728714942932,0.35,2014,xgboost,price_news,1.0,1.0,0.010136717813707619,0.01113671781370762,0.9703151305746626,1.0443737826903738
2014-04-09,0,-0.016241226662192854,-0.172936,0.6843902468681335,0.35,2014,xgboost,price_news,1.0,0.0,-0.016241226662192854,-0.016241226662192854,0.9545560226052442,1.0274118713656477
2014-04-10,0,-0.008872466139742241,-0.26222,0.582316517829895,0.35,2014,xgboost,price_news,1.0,0.0,-0.008872466139742241,-0.008872466139742241,0.9460867566161921,1.0182961943253868
2014-04-11,1,0.0091403580888203,-0.15069600000000002,0.5486767888069153,0.35,2014,xgboost,price_news,0.0,1.0,-0.001,0.0091403580888203,0.9451406698595759,1.0276037861820038
2014-04-14,1,0.0055226617986066096,-0.08876399999999998,0.6084495186805725,0.35,2014,xgboost,price_news,1.0,1.0,0.0045226617986066095,0.0055226617986066096,0.9494152214614594,1.0332788943560547
2014-04-15,1,0.009979366304636361,-0.146948,0.45517125725746155,0.35,2014,xgboost,price_news,0.0,1.0,-0.001,0.009979366304636361,0.948465806239998,1.0435903629376835
2014-04-16,0,-0.000993040873327966,-0.18742800000000004,0.5162577629089355,0.35,2014,xgboost,price_news,0.0,0.0,-0.0,-0.000993040873327966,0.948465806239998,1.0425540350522753
2014-04-17,1,0.0024810824319076996,-0.055867999999999994,0.6103941798210144,0.35,2014,xgboost,price_news,1.0,1.0,0.0014810824319076996,0.0024810824319076996,0.9498705622828854,1.045140697552958
2014-04-21,1,0.003958790887122365,-0.29369599999999996,0.3752419054508209,0.35,2014,xgboost,price_news,0.0,1.0,-0.001,0.003958790887122365,0.9489206917206024,1.0492781910221913
2014-04-22,0,-0.0007701626317909716,-0.176624,0.4525650441646576,0.35,2014,xgboost,price_news,0.0,0.0,-0.0,-0.0007701626317909716,0.9489206917206024,1.0484700761691128
2014-04-23,0,0.0,-0.157864,0.4762985408306122,0.35,2014,xgboost,price_news,0.0,0.0,0.0,0.0,0.9489206917206024,1.0484700761691128
2014-04-24,0,-0.00849553994165686,-0.21678799999999998,0.507521390914917,0.35,2014,xgboost,price_news,0.0,0.0,-0.0,-0.00849553994165686,0.9489206917206024,1.0395627567593861
2014-04-25,1,0.005334503962852066,-0.285868,0.4583623707294464,0.35,2014,xgboost,price_news,0.0,0.0,0.0,0.005334503962852066,0.9489206917206024,1.0451083084049526
2014-04-28,1,0.005266598278507395,-0.160336,0.6145167946815491,0.35,2014,xgboost,price_news,1.0,1.0,0.004266598278507395,0.005266598278507395,0.9529693551103378,1.050612474022852
2014-04-29,1,0.002749905527494656,-0.155312,0.6777949333190918,0.35,2014,xgboost,price_news,1.0,0.0,0.002749905527494656,0.002749905527494656,0.9555899308074887,1.0535015590724222
2014-04-30,0,-0.0013250657509938923,-0.20481199999999997,0.6222503781318665,0.35,2014,xgboost,price_news,1.0,0.0,-0.0013250657509938923,-0.0013250657509938923,0.9543237113181811,1.0521056002378766
2014-05-01,0,-0.0027766700496566488,-0.25117999999999996,0.651626467704773,0.35,2014,xgboost,price_news,1.0,0.0,-0.0027766700496566488,-0.0027766700496566488,0.9516738692512867,1.04918425012862
2014-05-02,1,0.0010694769559767003,-0.14708,0.5338683128356934,0.35,2014,xgboost,price_news,0.0,1.0,-0.001,0.0010694769559767003,0.9507221953820354,1.0503063285067062
2014-05-05,0,-0.00783587018460885,-0.14342,0.624783456325531,0.35,2014,xgboost,price_news,1.0,1.0,-0.008835870184608852,-0.00783587018460885,0.9423217374820134,1.0420762644624546
2014-05-06,1,0.007165379614229028,-0.32913200000000004,0.4737420976161957,0.35,2014,xgboost,price_news,0.0,1.0,-0.001,0.007165379614229028,0.9413794157445314,1.0495431364843057
2014-05-07,1,0.001963348022380851,-0.32562399999999997,0.3972237706184387,0.35,2014,xgboost,price_news,0.0,0.0,0.0,0.001963348022380851,0.9413794157445314,1.0516037549257256
2014-05-08,1,0.0019557246267212225,-0.15239600000000003,0.5511689782142639,0.35,2014,xgboost,price_news,1.0,1.0,0.0009557246267212225,0.0019557246267212225,0.942279115235247,1.0536604022867864
2014-05-09,1,0.006761657184549019,-0.17095999999999997,0.7215628027915955,0.35,2014,xgboost,price_news,1.0,0.0,0.006761657184549019,0.006761657184549019,0.9486504835846279,1.0607848927159835
2014-05-12,1,0.001196057922248972,-0.18401199999999998,0.755229115486145,0.35,2014,xgboost,price_news,1.0,0.0,0.001196057922248972,0.001196057922248972,0.9497851245109646,1.0620536528907185
2014-05-13,0,-0.00607036089510582,-0.156832,0.6752110719680786,0.35,2014,xgboost,price_news,1.0,0.0,-0.00607036089510582,-0.00607036089510582,0.9440195860323801,1.0556066039277063
2014-05-14,0,-0.010061421136959958,-0.326356,0.5586339831352234,0.35,2014,xgboost,price_news,1.0,0.0,-0.010061421136959958,-0.010061421136959958,0.9345214074157697,1.0449857013306336
2014-05-15,1,0.002705691773662311,-0.17334799999999997,0.5681366324424744,0.35,2014,xgboost,price_news,1.0,0.0,0.002705691773662311,0.002705691773662311,0.9370499343001258,1.0478131105463186
2014-05-16,1,0.0012460397214300034,-0.323052,0.667131245136261,0.35,2014,xgboost,price_news,1.0,0.0,0.0012460397214300034,0.0012460397214300034,0.9382175357392272,1.0491187273026945
2014-05-19,0,-0.008330364368791754,-0.12812,0.6010227799415588,0.35,2014,xgboost,price_news,1.0,0.0,-0.008330364368791754,-0.008330364368791754,0.9304018418093295,1.04037918603814
2014-05-20,1,0.00969512493466329,-0.07079200000000001,0.7256856560707092,0.35,2014,xgboost,price_news,1.0,0.0,0.00969512493466329,0.00969512493466329,0.9394222039051118,1.050465792226203
2014-05-21,1,0.0006060300191554902,-0.220432,0.48162439465522766,0.35,2014,xgboost,price_news,0.0,1.0,-0.001,0.0006060300191554902,0.9384827817012067,1.0511024060303882
2014-05-22,1,0.003819690934340425,-0.22936399999999998,0.6666998267173767,0.35,2014,xgboost,price_news,1.0,1.0,0.002819690934340425,0.003819690934340425,0.9411290130928043,1.0551172923617658
2014-05-23,1,0.0041689356463088245,-0.22624399999999997,0.7445486783981323,0.35,2014,xgboost,price_news,1.0,0.0,0.0041689356463088245,0.0041689356463088245,0.9450525193832623,1.0595160084529296
2014-05-27,0,-0.002537873646967115,-0.15919199999999997,0.6188987493515015,0.35,2014,xgboost,price_news,1.0,0.0,-0.002537873646967115,-0.002537873646967115,0.9426540954993197,1.0568270906965371
2014-05-28,1,0.003941552200467102,-0.208072,0.5239279270172119,0.35,2014,xgboost,price_news,0.0,1.0,-0.001,0.003941552200467102,0.9417114414038203,1.0609926298413852
2014-05-29,1,0.0011036573862306387,-0.21276400000000004,0.6857423782348633,0.35,2014,xgboost,price_news,1.0,1.0,0.00010365738623063867,0.0011036573862306387,0.9418090567504198,1.062163602194046
2014-05-30,1,0.0015828598455038811,-0.242944,0.6234608888626099,0.35,2014,xgboost,price_news,1.0,0.0,0.0015828598455038811,0.0015828598455038811,0.9432998084884819,1.0638448583093147
2014-06-02,0,-0.0012715888912803175,-0.180504,0.5144399404525757,0.35,2014,xgboost,price_news,0.0,1.0,-0.001,-0.0012715888912803175,0.9423565086799934,1.062492085005443
2014-06-03,1,0.0009083329929724382,-0.09408799999999999,0.6258047223091125,0.35,2014,xgboost,price_news,1.0,1.0,-9.166700702756183e-05,0.0009083329929724382,0.9422701256792898,1.0634571816210254
2014-06-04,1,0.005889762834809131,-0.06301999999999998,0.6658244729042053,0.35,2014,xgboost,price_news,1.0,0.0,0.005889762834809131,0.005889762834809131,0.9478198732458666,1.0697206922057478
2014-06-05,1,0.005236953504883068,-0.173272,0.5615136027336121,0.35,2014,xgboost,price_news,1.0,0.0,0.005236953504883068,0.005236953504883068,0.9527835618530593,1.0753227697340406
2014-06-06,1,0.001112030336401837,-0.11114799999999998,0.5927524566650391,0.35,2014,xgboost,price_news,1.0,0.0,0.001112030336401837,0.001112030336401837,0.9538430860778649,1.0765185612754085
2014-06-09,1,0.00016645791296077128,-0.22743200000000002,0.461195170879364,0.35,2014,xgboost,price_news,0.0,1.0,-0.001,0.00016645791296077128,0.9528892429917871,1.076697756308382
2014-06-10,0,-0.006021453156256684,-0.114108,0.5962737202644348,0.35,2014,xgboost,price_news,1.0,1.0,-0.007021453156256684,-0.006021453156256684,0.9461985758090194,1.0702144712053243
2014-06-11,0,-0.006512240671744718,-0.08289600000000003,0.6502280831336975,0.35,2014,xgboost,price_news,1.0,0.0,-0.006512240671744718,-0.006512240671744718,0.940036702960089,1.0632449769984513
2014-06-12,1,0.00248298736647512,-0.277884,0.6071898341178894,0.35,2014,xgboost,price_news,1.0,0.0,0.00248298736647512,0.00248298736647512,0.9423708022175619,1.0658850008438066
2014-06-13,1,0.00031411621344257235,-0.16896799999999998,0.647809624671936,0.35,2014,xgboost,price_news,1.0,0.0,0.00031411621344257235,0.00031411621344257235,0.9426668161656133,1.0662198126042368
2014-06-16,1,0.001637593230872092,-0.024059999999999998,0.5797896981239319,0.35,2014,xgboost,price_news,1.0,0.0,0.001637593230872092,0.001637593230872092,0.9442105209627338,1.0679658469519793
2014-06-17,1,0.0058380559844395385,-0.10198800000000001,0.6057320833206177,0.35,2014,xgboost,price_news,1.0,0.0,0.0058380559844395385,0.0058380559844395385,0.9497228748452111,1.0742006913559543
2014-06-18,1,0.0008778690095412323,-0.205472,0.654972493648529,0.35,2014,xgboost,price_news,1.0,0.0,0.0008778690095412323,0.0008778690095412323,0.9505566071246901,1.0751436988529235
2014-06-19,1,0.0015140028449001086,-0.15638,0.5021931529045105,0.35,2014,xgboost,price_news,0.0,1.0,-0.001,0.0015140028449001086,0.9496060505175654,1.0767714694716632
2014-06-20,0,-0.0005794692628346976,-0.137172,0.38719573616981506,0.35,2014,xgboost,price_news,0.0,0.0,-0.0,-0.0005794692628346976,0.9496060505175654,1.076147513502007
2014-06-23,0,-0.007033540764317614,-0.304796,0.46204325556755066,0.35,2014,xgboost,price_news,0.0,0.0,-0.0,-0.007033540764317614,0.9496060505175654,1.0685783860973717
2014-06-24,1,0.002936052015172219,-0.244372,0.6577443480491638,0.35,2014,xgboost,price_news,1.0,1.0,0.0019360520151722191,0.002936052015172219,0.9514445372252898,1.0717157878212422
2014-06-25,0,-0.0012674607749800781,-0.210988,0.6567782163619995,0.35,2014,xgboost,price_news,1.0,0.0,-0.0012674607749800781,-0.0012674607749800781,0.9502386185947876,1.070357430098252
2014-06-26,1,0.00033888998297482154,-0.14818,0.621052622795105,0.35,2014,xgboost,price_news,1.0,0.0,0.00033888998297482154,0.00033888998297482154,0.9505606449440652,1.070720163509515
2014-06-27,0,-0.0014977732540570887,-0.267208,0.5379837155342102,0.35,2014,xgboost,price_news,0.0,1.0,-0.001,-0.0014977732540570887,0.9496100842991212,1.0691164674860307
2014-06-30,1,0.0076944068325455195,-0.32699599999999995,0.33005303144454956,0.35,2014,xgboost,price_news,0.0,0.0,0.0,0.0076944068325455195,0.9496100842991212,1.0773426845382421
2014-07-01,1,0.0011895398891881293,-0.20600000000000002,0.6070876121520996,0.35,2014,xgboost,price_news,1.0,1.0,0.00018953988918812923,0.0011895398891881293,0.9497900732892712,1.0786242266358255
2014-07-02,1,0.005420489503659365,-0.35156,0.5164846181869507,0.35,2014,xgboost,price_news,0.0,1.0,-0.001,0.005420489503659365,0.9488402832159819,1.0844708979346978
2014-07-03,0,-0.0025807451142584314,-0.089196,0.5754273533821106,0.35,2014,xgboost,price_news,1.0,1.0,-0.0035807451142584315,-0.0025807451142584314,0.9454427280076447,1.0816721549632973
2014-07-07,0,-0.0069073273015857195,-0.148756,0.6572959423065186,0.35,2014,xgboost,price_news,1.0,0.0,-0.0069073273015857195,-0.0069073273015857195,0.9389122456403919,1.0742006913559543
2014-07-08,1,0.004672148425491018,-0.171828,0.5316601395606995,0.35,2014,xgboost,price_news,0.0,1.0,-0.001,0.004672148425491018,0.9379733333947515,1.0792195164247345
2014-07-09,0,-0.004152872083813652,-0.29472000000000004,0.6946836709976196,0.35,2014,xgboost,price_news,1.0,1.0,-0.005152872083813652,-0.004152872083813652,0.9331400767897401,1.0747376558226673
2014-07-10,1,0.0016990904838043441,-0.10446799999999999,0.6461920738220215,0.35,2014,xgboost,price_news,1.0,0.0,0.0016990904838043441,0.0016990904838043441,0.9347255662142699,1.0765637323462618
2014-07-11,1,0.006587029209893958,-0.22808,0.6315120458602905,0.35,2014,xgboost,price_news,1.0,0.0,0.006587029209893958,0.006587029209893958,0.9408826308221581,1.0836550890975392
2014-07-14,1,0.00030839264140403166,-0.17927200000000001,0.777448296546936,0.35,2014,xgboost,price_news,1.0,0.0,0.00030839264140403166,0.00030839264140403166,0.9411727921019285,1.0839892803528368
2014-07-15,1,0.004543753966292696,-0.16825600000000002,0.5354194641113281,0.35,2014,xgboost,price_news,0.0,1.0,-0.001,0.004543753966292696,0.9402316193098266,1.0889146609448588
2014-07-16,0,-0.009416897886277087,-0.251984,0.6746618151664734,0.35,2014,xgboost,price_news,1.0,1.0,-0.010416897886277088,-0.009416897886277087,0.9304373225420272,1.078660462775871
2014-07-17,1,0.007266920995463444,-0.137612,0.6844899654388428,0.35,2014,xgboost,price_news,1.0,0.0,0.007266920995463444,0.007266920995463444,0.9371987370561706,1.0864990031397932
2014-07-18,0,-0.00283325788874611,-0.288556,0.7506706714630127,0.35,2014,xgboost,price_news,1.0,0.0,-0.00283325788874611,-0.00283325788874611,0.9345434113410833,1.0834206712680325
2014-07-21,1,0.0036247695277831227,-0.434116,0.5023969411849976,0.35,2014,xgboost,price_news,0.0,1.0,-0.001,0.0036247695277831227,0.9336088679297422,1.0873478215030152
2014-07-22,0,-0.001572334214595461,-0.18047599999999997,0.6215132474899292,0.35,2014,xgboost,price_news,1.0,1.0,-0.002572334214595461,-0.001572334214595461,0.9312073138957168,1.0856381473201002
2014-07-23,0,-0.00016563113134193674,-0.440748,0.7459458708763123,0.35,2014,xgboost,price_news,1.0,0.0,-0.00016563113134193674,-0.00016563113134193674,0.9310530769748023,1.0854583318455315
2014-07-24,0,-0.00721329349245603,-0.39277600000000007,0.552212119102478,0.35,2014,xgboost,price_news,1.0,0.0,-0.00721329349245603,-0.00721329349245603,0.9243371178735288,1.077628602324098
2014-07-25,1,0.0012982778052232913,-0.231876,0.5718072652816772,0.35,2014,xgboost,price_news,1.0,0.0,0.0012982778052232913,0.0012982778052232913,0.9255371642382081,1.0790276636207692
2014-07-28,0,-0.004150160231591538,-0.10691199999999998,0.4880642294883728,0.35,2014,xgboost,price_news,0.0,1.0,-0.001,-0.004150160231591538,0.9246116270739699,1.0745495259224231
2014-07-29,0,-0.0018773530430765684,-0.0886,0.49914202094078064,0.35,2014,xgboost,price_news,0.0,0.0,-0.0,-0.0018773530430765684,0.9246116270739699,1.0725322170999962
2014-07-30,0,-0.018782692178317295,-0.186572,0.5095009207725525,0.35,2014,xgboost,price_news,0.0,0.0,-0.0,-0.018782692178317295,0.9246116270739699,1.0523871746148787
2014-07-31,0,-0.004222083564419887,-0.3325199999999999,0.5856197476387024,0.35,2014,xgboost,price_news,1.0,1.0,-0.005222083564419887,-0.004222083564419887,0.9197832278927555,1.047943908021531
2014-08-01,1,0.004602465108920706,-0.32821600000000006,0.6109248995780945,0.35,2014,xgboost,price_news,1.0,0.0,0.004602465108920706,0.004602465108920706,0.9240164981069023,1.052767033294306
2014-08-04,0,-0.008437819864942186,-0.24772399999999997,0.6134427189826965,0.35,2014,xgboost,price_news,1.0,0.0,-0.008437819864942186,-0.008437819864942186,0.9162198133436416,1.043883974707619
2014-08-05,1,0.0008441623744741555,-0.19341600000000003,0.5895024538040161,0.35,2014,xgboost,price_news,1.0,0.0,0.0008441623744741555,0.0008441623744741555,0.916993251636814,1.0447651822823836
2014-08-06,0,-0.0045653932663436425,-0.37146,0.48000985383987427,0.35,2014,xgboost,price_news,0.0,1.0,-0.001,-0.0045653932663436425,0.9160762583851771,1.0399954183542812
2014-08-07,1,0.011342686937576119,-0.256156,0.6255871057510376,0.35,2014,xgboost,price_news,1.0,1.0,0.010342686937576118,0.011342686937576119,0.9255509483366012,1.0517917608011873
2014-08-08,1,0.0009696054835628409,-0.211264,0.4800531566143036,0.35,2014,xgboost,price_news,0.0,1.0,-0.001,0.0009696054835628409,0.9246253973882647,1.0528115838600263
2014-08-11,0,-0.0005697898689538405,-0.33483599999999997,0.45233261585235596,0.35,2014,xgboost,price_news,0.0,0.0,-0.0,-0.0005697898689538405,0.9246253973882647,1.0522117024856257
2014-08-12,1,0.005510793981906792,-0.16918799999999998,0.5513617396354675,0.35,2014,xgboost,price_news,1.0,1.0,0.004510793981906792,0.005510793981906792,0.9287961920663219,1.0580102244033753
2014-08-13,1,0.003710067025933128,-0.08971200000000001,0.6868090629577637,0.35,2014,xgboost,price_news,1.0,0.0,0.003710067025933128,0.003710067025933128,0.9322420881923195,1.0619355132500343
2014-08-14,0,-0.003031661784221429,-0.128536,0.53062903881073,0.35,2014,xgboost,price_news,0.0,1.0,-0.001,-0.003031661784221429,0.9313098461041271,1.0587160839372067
2014-08-15,1,0.010552183043289531,-0.224984,0.5913471579551697,0.35,2014,xgboost,price_news,1.0,1.0,0.00955218304328953,0.010552183043289531,0.9402058882241316,1.0698878498457869
2014-08-18,1,0.004801404907758489,-0.11546000000000001,0.5024816989898682,0.35,2014,xgboost,price_news,0.0,1.0,-0.001,0.004801404907758489,0.9392656823359076,1.0750248146187875
2014-08-19,1,0.003519057822853666,-0.27022399999999996,0.6090177297592163,0.35,2014,xgboost,price_news,1.0,1.0,0.002519057822853666,0.003519057822853666,0.9416317469007339,1.0788078891024335
2014-08-20,1,0.0035549154724845433,-0.164024,0.5716168880462646,0.35,2014,xgboost,price_news,1.0,0.0,0.0035549154724845433,0.0035549154724845433,0.944979168167174,1.0826429599592422
2014-08-21,0,-0.0022459316842495802,-0.345444,0.4360392987728119,0.35,2014,xgboost,price_news,0.0,1.0,-0.001,-0.0022459316842495802,0.9440341889990068,1.08021141783274
2014-08-22,1,0.004449588610225597,-0.31931600000000004,0.5127992033958435,0.35,2014,xgboost,price_news,0.0,0.0,0.0,0.004449588610225597,0.9440341889990068,1.0850179142541643
2014-08-25,1,0.0017468118865173743,-0.19931600000000002,0.4676233232021332,0.35,2014,xgboost,price_news,0.0,0.0,0.0,0.0017468118865173743,0.9440341889990068,1.0869132364438678
2014-08-26,1,0.0008950029929208903,-0.186912,0.4529017508029938,0.35,2014,xgboost,price_news,0.0,0.0,0.0,0.0008950029929208903,0.9440341889990068,1.0878860270435304
2014-08-27,0,-0.002478649094353025,-0.300152,0.5106207132339478,0.35,2014,xgboost,price_news,0.0,0.0,-0.0,-0.002478649094353025,0.9440341889990068,1.0851895393278397
2014-08-28,1,0.0011053502316000774,-0.35419599999999996,0.636494517326355,0.35,2014,xgboost,price_news,1.0,1.0,0.00010535023160007737,0.0011053502316000774,0.9441336432194564,1.0863890538364658
2014-08-29,0,-0.001806518919018285,-0.28470799999999996,0.4235047698020935,0.35,2014,xgboost,price_news,0.0,1.0,-0.001,-0.001806518919018285,0.9431895095762369,1.0844264714572958
2014-09-02,1,0.0006280188648215557,-0.260164,0.5076510310173035,0.35,2014,xgboost,price_news,0.0,0.0,0.0,0.0006280188648215557,0.9431895095762369,1.0851075117388829
2014-09-03,0,-0.0005093732716696664,-0.188664,0.5445632934570312,0.35,2014,xgboost,price_news,0.0,0.0,-0.0,-0.0005093732716696664,0.9431895095762369,1.084554786975515
2014-09-04,1,0.0039707653433933565,-0.194072,0.48471131920814514,0.35,2014,xgboost,price_news,0.0,0.0,0.0,0.0039707653433933565,0.9431895095762369,1.0888612995366487
2014-09-05,0,-0.0015136201810553862,-0.178952,0.5804052948951721,0.35,2014,xgboost,price_news,1.0,1.0,-0.0025136201810553862,-0.0015136201810553862,0.9408186893904064,1.0872131770992999
2014-09-08,0,-0.005700916782165,-0.240548,0.5592749714851379,0.35,2014,xgboost,price_news,1.0,0.0,-0.005700916782165,-0.005700916782165,0.9354551603350861,1.0810150652521835
2014-09-09,1,0.0032233583405107957,-0.21664800000000003,0.5984657406806946,0.35,2014,xgboost,price_news,1.0,0.0,0.0032233583405107957,0.0032233583405107957,0.9384704675283261,1.0844995641789819
2014-09-10,0,-0.0011547994498001257,-0.028543999999999996,0.4969782829284668,0.35,2014,xgboost,price_news,0.0,1.0,-0.001,-0.0011547994498001257,0.9375319970607977,1.0832471846789595
2014-09-11,0,-0.0036066768725439013,-0.135416,0.6992080807685852,0.35,2014,xgboost,price_news,1.0,1.0,-0.004606676872543901,-0.0036066768725439013,0.9332130900926678,1.0793402621107295
2014-09-12,1,0.002568408177596959,-0.132072,0.592200756072998,0.35,2014,xgboost,price_news,1.0,0.0,0.002568408177596959,0.002568408177596959,0.9356099622247024,1.0821124484663445
2014-09-15,1,0.005920336178305785,-0.11347999999999998,0.6427604556083679,0.35,2014,xgboost,price_news,1.0,0.0,0.005920336178305785,0.005920336178305785,0.9411490877328446,1.088518917943995
2014-09-16,1,0.001452191719872875,-0.10030000000000001,0.6363639235496521,0.35,2014,xgboost,price_news,1.0,0.0,0.001452191719872875,0.001452191719872875,0.9425158166452161,1.090099656103558
2014-09-17,1,0.0063613441562575535,-0.20000800000000002,0.48381292819976807,0.35,2014,xgboost,price_news,0.0,1.0,-0.001,0.0063613441562575535,0.9415733008285709,1.0970341551806508
2014-09-18,1,0.0007963632443694912,-0.19413599999999998,0.6437562704086304,0.35,2014,xgboost,price_news,1.0,1.0,-0.00020363675563050878,0.0007963632443694912,0.9413815618964019,1.0979077928596546
2014-09-19,0,-0.006195726587911676,-0.07616800000000001,0.43655750155448914,0.35,2014,xgboost,price_news,0.0,1.0,-0.001,-0.006195726587911676,0.9404401803345055,1.0911054563563585
2014-09-22,0,-0.006802115285573396,-0.1198,0.38839104771614075,0.35,2014,xgboost,price_news,0.0,0.0,-0.0,-0.006802115285573396,0.9404401803345055,1.0836836312535043
2014-09-23,1,0.009040372245196604,-0.133036,0.6750132441520691,0.35,2014,xgboost,price_news,1.0,1.0,0.008040372245196603,0.009040372245196604,0.9480016694587349,1.0934805346760623
2014-09-24,0,-0.015354958530117702,-0.049508,0.7093678116798401,0.35,2014,xgboost,price_news,1.0,0.0,-0.015354958530117702,-0.015354958530117702,0.9334451431377137,1.0766901864126204
2014-09-25,1,0.009875579924652156,-0.103792,0.661961019039154,0.35,2014,xgboost,price_news,1.0,0.0,0.009875579924652156,0.009875579924652156,0.9426634552540485,1.0873231264026268
2014-09-26,0,-0.0024501443066877737,-0.073984,0.5115420818328857,0.35,2014,xgboost,price_news,0.0,1.0,-0.001,-0.0024501443066877737,0.9417207917987944,1.0846590278349415
2014-09-29,0,-0.0016589506100769258,-0.256188,0.3934987485408783,0.35,2014,xgboost,price_news,0.0,0.0,-0.0,-0.0016589506100769258,0.9417207917987944,1.0828596320789894
2014-09-30,0,-0.013975875439944607,-0.17300000000000001,0.5783906579017639,0.35,2014,xgboost,price_news,1.0,1.0,-0.014975875439944608,-0.013975875439944607,0.9276176985216097,1.0677257207421091
2014-10-01,0,-0.00021780541263116682,-0.141084,0.6183294057846069,0.35,2014,xgboost,price_news,1.0,0.0,-0.00021780541263116682,-0.00021780541263116682,0.9274156583660192,1.067493164300926
2014-10-02,1,0.012418191857139327,-0.128424,0.5656533241271973,0.35,2014,xgboost,price_news,1.0,0.0,0.012418191857139327,0.012418191857139327,0.9389324839429236,1.0807494992213997
2014-10-03,0,-0.0010452452438431958,-0.209588,0.3942318260669708,0.35,2014,xgboost,price_news,0.0,1.0,-0.001,-0.0010452452438431958,0.9379935514589807,1.0796198509475528
2014-10-06,0,-0.016038192792808048,-0.160896,0.4848445653915405,0.35,2014,xgboost,price_news,0.0,0.0,-0.0,-0.016038192792808048,0.9379935514589807,1.0623046996351133
2014-10-07,1,0.016437804712155835,-0.16589199999999998,0.5477806925773621,0.35,2014,xgboost,price_news,0.0,0.0,0.0,0.016437804712155835,0.9379935514589807,1.0797666568325206
2014-10-08,0,-0.01971085987725618,-0.21380400000000002,0.45876067876815796,0.35,2014,xgboost,price_news,0.0,0.0,-0.0,-0.01971085987725618,0.9379935514589807,1.0584835275595614
2014-10-09,0,-0.006912099344208111,-0.1356,0.7143157720565796,0.35,2014,xgboost,price_news,1.0,1.0,-0.007912099344208112,-0.006912099344208111,0.9305720532956107,1.0511671842628618
2014-10-10,0,-0.01348089665022767,-0.27684000000000003,0.4228951334953308,0.35,2014,xgboost,price_news,0.0,1.0,-0.001,-0.01348089665022767,0.929641481242315,1.0369965080897035
2014-10-13,0,-0.00036026326016602717,-0.156092,0.7335963249206543,0.35,2014,xgboost,price_news,1.0,1.0,-0.0013602632601660272,-0.00036026326016602717,0.9283769240902549,1.0366229163469183
2014-10-14,0,-0.010631208795520042,-0.26893999999999996,0.6049416065216064,0.35,2014,xgboost,price_news,1.0,0.0,-0.010631208795520042,-0.010631208795520042,0.9185071551693087,1.0256023616810133
2014-10-15,0,-0.001517804130461431,-0.22340799999999997,0.5993111729621887,0.35,2014,xgboost,price_news,1.0,0.0,-0.001517804130461431,-0.001517804130461431,0.9171130412153343,1.0240456981802428
2014-10-16,1,0.016328473000286392,-0.007379999999999995,0.3969808518886566,0.35,2014,xgboost,price_news,0.0,1.0,-0.001,0.016328473000286392,0.916195928174119,1.0407668007140383
2014-10-17,1,0.0011757804485101886,-0.18345200000000003,0.39360761642456055,0.35,2014,xgboost,price_news,0.0,0.0,0.0,0.0011757804485101886,0.916195928174119,1.0419905139697763
2014-10-20,1,0.013118594826801333,-0.171376,0.5126564502716064,0.35,2014,xgboost,price_news,0.0,0.0,0.0,0.013118594826801333,0.916195928174119,1.0556599653359162
2014-10-21,0,-0.009238157399737323,-0.210824,0.43770667910575867,0.35,2014,xgboost,price_news,0.0,0.0,-0.0,-0.009238157399737323,0.916195928174119,1.0459076124155418
2014-10-22,1,0.013156908127358147,-0.017523999999999994,0.5550292134284973,0.35,2014,xgboost,price_news,1.0,1.0,0.012156908127358146,0.013156908127358147,0.9273340378995915,1.0596685227817975
2014-10-23,1,0.007645432698999199,-0.21263200000000002,0.529306948184967,0.35,2014,xgboost,price_news,0.0,1.0,-0.001,0.007645432698999199,0.9264067038616919,1.0677701471559735
2014-10-24,1,0.0007455513958714022,-0.253928,0.6307157278060913,0.35,2014,xgboost,price_news,1.0,1.0,-0.00025444860412859784,0.0007455513958714022,0.9261709809690389,1.0685662246796555
2014-10-27,1,0.011167274535912153,-0.198384,0.4931173026561737,0.35,2014,xgboost,price_news,0.0,1.0,-0.001,0.011167274535912153,0.9252448099880699,1.0804991970704563
2014-10-28,0,-0.0018487542742895435,-0.12832799999999997,0.506249189376831,0.35,2014,xgboost,price_news,0.0,0.0,-0.0,-0.0018487542742895435,0.9252448099880699,1.0785016195615058
2014-10-29,1,0.013026118167672962,0.134128,0.5557622313499451,0.35,2014,xgboost,price_news,1.0,1.0,0.012026118167672961,0.013026118167672962,0.9363719134070126,1.0925503091019406
2014-10-30,1,0.011346021782834725,-0.03411200000000001,0.3708381950855255,0.35,2014,xgboost,price_news,0.0,1.0,-0.001,0.011346021782834725,0.9354355414936056,1.104946408707854
2014-10-31,0,-0.001396122580278325,-0.18727999999999997,0.45603644847869873,0.35,2014,xgboost,price_news,0.0,0.0,-0.0,-0.001396122580278325,0.9354355414936056,1.1034037680766595
2014-11-03,1,0.001013438128394606,-0.01622399999999999,0.4530002474784851,0.35,2014,xgboost,price_news,0.0,0.0,0.0,0.001013438128394606,0.9354355414936056,1.1045219995262427
2014-11-04,1,0.005792129581472016,-0.153248,0.42952844500541687,0.35,2014,xgboost,price_news,0.0,0.0,0.0,0.005792129581472016,0.9354355414936056,1.1109195340730853
2014-11-05,1,0.004000188098400637,-0.165732,0.6530401706695557,0.35,2014,xgboost,price_news,1.0,1.0,0.0030001880984006366,0.004000188098400637,0.9382420240720158,1.1153634211715653
2014-11-06,1,0.0011084916958890023,-0.23382399999999998,0.504413902759552,0.35,2014,xgboost,price_news,0.0,1.0,-0.001,0.0011084916958890023,0.9373037820479438,1.1165997922618323
2014-11-07,1,0.002265318383923187,-0.17715599999999998,0.34701964259147644,0.35,2014,xgboost,price_news,0.0,0.0,0.0,0.002265318383923187,0.9373037820479438,1.119129246298728
2014-11-10,1,6.586658963891878e-05,-0.222172,0.4659960865974426,0.35,2014,xgboost,price_news,0.0,0.0,0.0,6.586658963891878e-05,0.9373037820479438,1.1192029595255468
2014-11-11,0,-0.00015334585720283567,-0.029316,0.38201960921287537,0.35,2014,xgboost,price_news,0.0,0.0,-0.0,-0.00015334585720283567,0.9373037820479438,1.1190313343883345
2014-11-12,1,0.0023046436447422547,-0.27858399999999994,0.487663596868515,0.35,2014,xgboost,price_news,0.0,0.0,0.0,0.0023046436447422547,0.9373037820479438,1.1216103028414
2014-11-13,0,-0.0010224349215643969,-0.10184800000000001,0.38802117109298706,0.35,2014,xgboost,price_news,0.0,0.0,-0.0,-0.0010224349215643969,0.9373037820479438,1.1204635292993885
2014-11-14,1,0.0007377350517994152,-0.253628,0.40601858496665955,0.35,2014,xgboost,price_news,0.0,0.0,0.0,0.0007377350517994152,0.9373037820479438,1.1212901345192157
2014-11-17,1,0.0022705620829850393,-0.21892,0.47084560990333557,0.35,2014,xgboost,price_news,0.0,0.0,0.0,0.0022705620829850393,0.9373037820479438,1.12383609338268
2014-11-18,0,-0.00011815152817806762,-0.23823999999999998,0.5293389558792114,0.35,2014,xgboost,price_news,0.0,0.0,-0.0,-0.00011815152817806762,0.9373037820479438,1.1237033104308252
2014-11-19,1,0.0018811510815635035,-0.180084,0.5810660719871521,0.35,2014,xgboost,price_news,1.0,1.0,0.0008811510815635035,0.0018811510815635035,0.938129688289249,1.1258171661285985
2014-11-20,1,0.005139147073762729,-0.39873999999999993,0.4948995113372803,0.35,2014,xgboost,price_news,0.0,1.0,-0.001,0.005139147073762729,0.9371915586009598,1.1316029061235002
2014-11-21,1,0.0004401918780292391,-0.170032,0.6066519021987915,0.35,2014,xgboost,price_news,1.0,1.0,-0.0005598081219707609,0.0004401918780292391,0.9366669111546125,1.1321010285319302
2014-11-24,0,-0.0001661777165111733,-0.13822800000000002,0.39368873834609985,0.35,2014,xgboost,price_news,0.0,1.0,-0.001,-0.0001661777165111733,0.935730244243458,1.1319128985681488
2014-11-25,1,0.0007190901228599778,-0.239264,0.6612952351570129,0.35,2014,xgboost,price_news,1.0,1.0,-0.00028090987714002227,0.0007190901228599778,0.9354673883755114,1.132726845953447
2014-11-26,1,2.7498366310885203e-05,-0.21513599999999997,0.6146813631057739,0.35,2014,xgboost,price_news,1.0,0.0,2.7498366310885203e-05,2.7498366310885203e-05,0.9354931122004287,1.1327579940911872
2014-11-28,0,-0.00288527932790017,-0.24646,0.5419502854347229,0.35,2014,xgboost,price_news,0.0,1.0,-0.001,-0.00288527932790017,0.9345576190882283,1.129489670867322
2014-12-01,1,0.005780005146360123,-0.207108,0.5708802342414856,0.35,2014,xgboost,price_news,1.0,1.0,0.004780005146360123,0.005780005146360123,0.9390248093170402,1.1360181269776959
2014-12-02,1,0.0018495073173279142,0.0007479999999999998,0.6320568323135376,0.35,2014,xgboost,price_news,1.0,0.0,0.0018495073173279142,0.0018495073173279142,0.9407615425730246,1.1381192008161582
2014-12-03,0,-0.0006989224692073304,-0.27558,0.7480096220970154,0.35,2014,xgboost,price_news,1.0,0.0,-0.0006989224692073304,-0.0006989224692073304,0.9401040231927541,1.1373237437340715
2014-12-04,1,0.0032787221457968307,-0.37505199999999994,0.44342929124832153,0.35,2014,xgboost,price_news,0.0,1.0,-0.001,0.0032787221457968307,0.9391639191695613,1.141052712279593
2014-12-05,0,-0.005919585815780115,-0.19176799999999997,0.5586385726928711,0.35,2014,xgboost,price_news,1.0,1.0,-0.006919585815780115,-0.005919585815780115,0.9326652938357831,1.1342981528289253
2014-12-08,0,-0.00287249999175454,-0.24580000000000002,0.5042653679847717,0.35,2014,xgboost,price_news,0.0,1.0,-0.001,-0.00287249999175454,0.9317326285419474,1.131039881394277
2014-12-09,0,-0.015057908442140167,-0.20464,0.47716042399406433,0.35,2014,xgboost,price_news,0.0,0.0,-0.0,-0.015057908442140167,0.9317326285419474,1.114008786415833
2014-12-10,1,0.003603998801746222,-0.364948,0.6386814117431641,0.35,2014,xgboost,price_news,1.0,1.0,0.002603998801746222,0.003603998801746222,0.9341588591902186,1.1180236727472104
2014-12-11,0,-0.017930420121294866,-0.10458000000000002,0.5881982445716858,0.35,2014,xgboost,price_news,1.0,0.0,-0.017930420121294866,-0.017930420121294866,0.9174089983849084,1.0979770385892997
2014-12-12,0,-0.005786193924057881,-0.11782,0.6281861662864685,0.35,2014,xgboost,price_news,1.0,0.0,-0.005786193924057881,-0.005786193924057881,0.9121006920125776,1.0916239305198592
2014-12-15,0,-0.006517184492532357,-0.169612,0.41416728496551514,0.35,2014,xgboost,price_news,0.0,1.0,-0.001,-0.006517184492532357,0.9111885913205651,1.084509615968198
2014-12-16,1,0.016872822541489585,-0.355768,0.46496084332466125,0.35,2014,xgboost,price_news,0.0,0.0,0.0,0.016872822541489585,0.9111885913205651,1.1028083542629683
2014-12-17,1,0.024271730493425236,-0.358564,0.4379699230194092,0.35,2014,xgboost,price_news,0.0,0.0,0.0,0.024271730493425236,0.9111885913205651,1.129575421423537
2014-12-18,1,0.001499053018107821,-0.33042,0.4985993504524231,0.35,2014,xgboost,price_news,0.0,0.0,0.0,0.001499053018107821,0.9111885913205651,1.1312687148682024
2014-12-19,1,0.0086852233789112,-0.210092,0.4686862826347351,0.35,2014,xgboost,price_news,0.0,0.0,0.0,0.0086852233789112,0.9111885913205651,1.1410940363584066
2014-12-22,1,0.003604258872856425,-0.075976,0.43602606654167175,0.35,2014,xgboost,price_news,0.0,0.0,0.0,0.003604258872856425,0.9111885913205651,1.145206834663715
2014-12-23,1,0.0003351619534293082,-0.251916,0.6831775903701782,0.35,2014,xgboost,price_news,1.0,1.0,-0.0006648380465706918,0.0003351619534293082,0.910582798477454,1.1455906644235014
2014-12-24,1,0.0013033680016727445,-0.202652,0.5830453634262085,0.35,2014,xgboost,price_news,1.0,0.0,0.0013033680016727445,0.0013033680016727445,0.9117696229598632,1.147083790638526
2014-12-26,0,-0.0008574674233549073,-0.26368,0.628993570804596,0.35,2014,xgboost,price_news,1.0,0.0,-0.0008574674233549073,-0.0008574674233549073,0.9109878102105705,1.1461002036561951
2014-12-29,0,-0.00305795832328426,-0.276948,0.508509635925293,0.35,2014,xgboost,price_news,0.0,1.0,-0.001,-0.00305795832328426,0.9100768224003599,1.142595476999107
2014-12-30,0,-0.0088972570992637,-0.230868,0.5747049450874329,0.35,2014,xgboost,price_news,1.0,1.0,-0.009897257099263701,-0.0088972570992637,0.9010695581089826,1.13242951127979
2014-12-31,1,0.00055657761689476,-0.238688,0.5117610692977905,0.35,2014,xgboost,price_news,0.0,1.0,-0.001,0.00055657761689476,0.9001684885508736,1.1330597961984794
2015-01-29,0,-0.01446302836936908,-0.33655999999999997,0.5467941761016846,0.35,2015,xgboost,price_news,0.0,0.0,-0.0,-0.01446302836936908,0.9001684885508736,1.1166723202218694
2015-01-30,1,0.011423852205921348,-0.16503600000000002,0.5627714991569519,0.35,2015,xgboost,price_news,1.0,1.0,0.010423852205921347,0.011423852205921348,0.9095517118359554,1.1294290197705272
2015-02-02,1,0.01758888554478144,-0.29483600000000004,0.6064161658287048,0.35,2015,xgboost,price_news,1.0,0.0,0.01758888554478144,0.01758888554478144,0.9255497127924981,1.1492944175302258
2015-02-03,1,0.0003746739490504414,-0.091476,0.5571431517601013,0.35,2015,xgboost,price_news,1.0,0.0,0.0003746739490504414,0.0003746739490504414,0.9258964921584325,1.1497250282082634
2015-02-04,1,0.011987839861115734,-0.378596,0.7130250930786133,0.35,2015,xgboost,price_news,1.0,0.0,0.011987839861115734,0.011987839861115734,0.9369959910343966,1.1635077477307407
2015-02-05,0,-0.0033878781456634366,-0.060104,0.4880419671535492,0.35,2015,xgboost,price_news,0.0,1.0,-0.001,-0.0033878781456634366,0.9360589950433622,1.1595659252598938
2015-02-06,0,-0.00533418885147563,-0.15231599999999998,0.5453049540519714,0.35,2015,xgboost,price_news,0.0,0.0,-0.0,-0.00533418885147563,0.9360589950433622,1.1533805816288214
2015-02-09,1,0.007871124580107303,-0.21742799999999998,0.5464562773704529,0.35,2015,xgboost,price_news,0.0,0.0,0.0,0.007871124580107303,0.9360589950433622,1.1624589838750985
2015-02-10,0,-0.0003704309133191197,-0.186996,0.6640287041664124,0.35,2015,xgboost,price_news,1.0,1.0,-0.0013704309133191197,-0.0003704309133191197,0.9347761908598644,1.1620283731320056
2015-02-11,1,0.006171725792244009,-0.246248,0.5489330291748047,0.35,2015,xgboost,price_news,0.0,1.0,-0.001,0.006171725792244009,0.9338414146690045,1.1692000936137836
2015-02-12,1,0.002613384969330834,-0.16255200000000003,0.6317443251609802,0.35,2015,xgboost,price_news,1.0,1.0,0.0016133849693308342,0.002613384969330834,0.9353480603711702,1.172255663564574
2015-02-13,1,0.0015666752470298029,-0.366456,0.46654728055000305,0.35,2015,xgboost,price_news,0.0,1.0,-0.001,0.0015666752470298029,0.934412712310799,1.174092207495871
2015-02-17,0,-0.0009824291635426308,-0.33077599999999996,0.5105711817741394,0.35,2015,xgboost,price_news,0.0,0.0,-0.0,-0.0009824291635426308,0.934412712310799,1.172938745070539
2015-02-18,0,-0.0024448389174580587,-0.36818799999999996,0.578331708908081,0.35,2015,xgboost,price_news,1.0,1.0,-0.0034448389174580587,-0.0024448389174580587,0.9311938110344633,1.1700710987787961
2015-02-19,1,0.008599572108016318,-0.05507999999999999,0.5932435393333435,0.35,2015,xgboost,price_news,1.0,0.0,0.008599572108016318,0.008599572108016318,0.9392016793589927,1.1801332095642503
2015-02-20,0,-0.0013009392115965746,-0.222176,0.3838038146495819,0.35,2015,xgboost,price_news,0.0,1.0,-0.001,-0.0013009392115965746,0.9382624776796337,1.178597927997021
2015-02-23,1,0.0050974457905021975,-0.094836,0.6829110383987427,0.35,2015,xgboost,price_news,1.0,1.0,0.0040974457905021975,0.0050974457905021975,0.9421069573191884,1.184605767043784
2015-02-24,1,0.0008446756534497002,-0.155344,0.6402313113212585,0.35,2015,xgboost,price_news,1.0,0.0,0.0008446756534497002,0.0008446756534497002,0.9429027321289815,1.1856063746941419
2015-02-25,0,-0.0005569618282476041,-0.156868,0.5446871519088745,0.35,2015,xgboost,price_news,0.0,1.0,-0.001,-0.0005569618282476041,0.9419598293968525,1.1849460372001102
2015-02-26,0,-0.004486593772953351,-0.2933,0.6514350771903992,0.35,2015,xgboost,price_news,1.0,1.0,-0.005486593772953351,-0.004486593772953351,0.9367916784625115,1.1796296656883225
2015-02-27,1,0.008599472043114842,-0.08299999999999999,0.6254560947418213,0.35,2015,xgboost,price_news,1.0,0.0,0.008599472043114842,0.008599472043114842,0.9448475923116726,1.1897738580196382
2015-03-02,0,-0.0046620066125968584,-0.20122,0.6032370328903198,0.35,2015,xgboost,price_news,1.0,0.0,-0.0046620066125968584,-0.0046620066125968584,0.9404427065884193,1.1842271244260558
2015-03-03,0,-0.005848848593648426,-0.04224,0.4422338306903839,0.35,2015,xgboost,price_news,0.0,1.0,-0.001,-0.005848848593648426,0.9395022638818309,1.1773007592747962
2015-03-04,1,0.0021451359714232954,-0.271212,0.46033331751823425,0.35,2015,xgboost,price_news,0.0,0.0,0.0,0.0021451359714232954,0.9395022638818309,1.1798262294827004
2015-03-05,0,-0.015380773147540605,-0.24251999999999999,0.5070211887359619,0.35,2015,xgboost,price_news,0.0,0.0,-0.0,-0.015380773147540605,0.9395022638818309,1.1616795898935088
2015-03-06,1,0.007780877149741183,-0.396744,0.4729938805103302,0.35,2015,xgboost,price_news,0.0,0.0,0.0,0.007780877149741183,0.9395022638818309,1.170718476069832
2015-03-09,0,-0.018492243544573572,-0.298356,0.6893771290779114,0.35,2015,xgboost,price_news,1.0,1.0,-0.019492243544573573,-0.018492243544573572,0.921189256943568,1.1490692648882166
2015-03-10,0,-0.0015596966786476374,-0.125504,0.42389434576034546,0.35,2015,xgboost,price_news,0.0,1.0,-0.001,-0.0015596966786476374,0.9202680676866244,1.1472770653722344
2015-03-11,1,0.014733446143895712,-0.168488,0.5763265490531921,0.35,2015,xgboost,price_news,1.0,1.0,0.013733446143895711,0.014733446143895712,0.9329065196321458,1.164180410227023
2015-03-12,0,-0.008153582368254142,-0.11778800000000002,0.40806299448013306,0.35,2015,xgboost,price_news,0.0,1.0,-0.001,-0.008153582368254142,0.9319736131125136,1.1546881693607292
2015-03-13,1,0.0128517315867549,-0.08950799999999999,0.5046464204788208,0.35,2015,xgboost,price_news,0.0,0.0,0.0,0.0128517315867549,0.9319736131125136,1.1695279117797546
2015-03-16,0,-0.007138946776391708,-0.23009600000000002,0.37839409708976746,0.35,2015,xgboost,price_news,0.0,0.0,-0.0,-0.007138946776391708,0.9319736131125136,1.1611787142640544
2015-03-17,1,0.012723870026216444,0.015172000000000008,0.5199268460273743,0.35,2015,xgboost,price_news,0.0,0.0,0.0,0.012723870026216444,0.9319736131125136,1.1759534013015593
2015-03-18,0,-0.006481463159291767,-0.08352399999999999,0.38606488704681396,0.35,2015,xgboost,price_news,0.0,0.0,-0.0,-0.006481463159291767,0.9319736131125136,1.1683315026539793
2015-03-19,1,0.009389209807022514,0.02824,0.41142165660858154,0.35,2015,xgboost,price_news,0.0,0.0,0.0,0.009389209807022514,0.9319736131125136,1.1793012122565514
2015-03-20,0,-0.000640531384352161,-0.235704,0.38161689043045044,0.35,2015,xgboost,price_news,0.0,0.0,-0.0,-0.000640531384352161,0.9319736131125136,1.1785458328184966
2015-03-23,0,-0.005790362707929542,-0.151448,0.6361578702926636,0.35,2015,xgboost,price_news,1.0,1.0,-0.006790362707929542,-0.005790362707929542,0.92564517424526,1.1717216249785585
2015-03-24,0,-0.016245587611140033,-0.024916000000000004,0.5473204851150513,0.35,2015,xgboost,price_news,0.0,1.0,-0.001,-0.016245587611140033,0.9247195290710147,1.1526863186641019
2015-03-25,0,-0.0022749388569202056,-0.143768,0.5778036117553711,0.35,2015,xgboost,price_news,1.0,1.0,-0.0032749388569202056,-0.0022749388569202056,0.9216911291535071,1.1500640277679326
2015-03-26,1,0.0019475754126170308,-0.15976800000000002,0.6420247554779053,0.35,2015,xgboost,price_news,1.0,0.0,0.0019475754126170308,0.0019475754126170308,0.9234861921346738,1.1523038641913488
2015-03-27,1,0.01488485572906395,-0.09211200000000001,0.5660164952278137,0.35,2015,xgboost,price_news,1.0,0.0,0.01488485572906395,0.01488485572906395,0.937232150872381,1.16945574096588
2015-03-30,0,-0.011136401180686706,-0.34389600000000003,0.40286847949028015,0.35,2015,xgboost,price_news,0.0,1.0,-0.001,-0.011136401180686706,0.9362949187215086,1.1564322126714266
2015-03-31,0,-0.004384503298036191,-0.186232,0.633436381816864,0.35,2015,xgboost,price_news,1.0,1.0,-0.005384503298036191,-0.004384503298036191,0.9312534356437181,1.1513618318210135
2015-04-01,1,0.0036761151229645073,-0.084224,0.6323593854904175,0.35,2015,xgboost,price_news,1.0,0.0,0.0036761151229645073,0.0036761151229645073,0.9346768304818006,1.1555943704629748
2015-04-02,1,0.006620941531539248,-0.297016,0.704792857170105,0.35,2015,xgboost,price_news,1.0,0.0,0.006620941531539248,0.006620941531539248,0.940865271127305,1.163245493223986
2015-04-06,0,-0.00030365934050846644,-0.11067999999999997,0.46573343873023987,0.35,2015,xgboost,price_news,0.0,1.0,-0.001,-0.00030365934050846644,0.9399244058561776,1.162892262864664
2015-04-07,1,0.0015154801463801437,-0.259764,0.4265561103820801,0.35,2015,xgboost,price_news,0.0,0.0,0.0,0.0015154801463801437,0.9399244058561776,1.1646546030014147
2015-04-08,1,0.003140381082588295,-0.225608,0.4551943838596344,0.35,2015,xgboost,price_news,0.0,0.0,0.0,0.003140381082588295,0.9399244058561776,1.1683120622844296
2015-04-09,1,0.005508180111659655,-0.161432,0.541606605052948,0.35,2015,xgboost,price_news,0.0,0.0,0.0,0.005508180111659655,0.9399244058561776,1.1747473355501168
2015-04-10,0,-0.004464109518931503,-0.148824,0.6770609021186829,0.35,2015,xgboost,price_news,1.0,1.0,-0.005464109518931503,-0.004464109518931503,0.9347885559630629,1.169503134787148
2015-04-13,1,0.0033186865086203277,-0.16194,0.7494868636131287,0.35,2015,xgboost,price_news,1.0,0.0,0.0033186865086203277,0.0033186865086203277,0.9378908261321501,1.1733843490623554
2015-04-14,1,0.004208650101568345,-0.134608,0.4708535373210907,0.35,2015,xgboost,price_news,0.0,1.0,-0.001,0.004208650101568345,0.936952935306018,1.1783227132222154
2015-04-15,0,-0.00037762885834879967,-0.1886,0.6057882308959961,0.35,2015,xgboost,price_news,1.0,1.0,-0.0013776288583487997,-0.00037762885834879967,0.9356621619034258,1.1778777445612547
2015-04-16,0,-0.015435342282552722,-0.120364,0.7145242094993591,0.35,2015,xgboost,price_news,1.0,0.0,-0.015435342282552722,-0.015435342282552722,0.9212198961736131,1.1596967984069506
2015-04-17,1,0.011703432448664008,-0.13214,0.6288489103317261,0.35,2015,xgboost,price_news,1.0,0.0,0.011703432448664008,0.011703432448664008,0.9320013309988463,1.1732692315480382
2015-04-20,0,-0.0047319199728727,-0.238508,0.41274428367614746,0.35,2015,xgboost,price_news,0.0,1.0,-0.001,-0.0047319199728727,0.9310693296678475,1.167717415437719
2015-04-21,1,0.00494048542449832,-0.20058,0.5079495310783386,0.35,2015,xgboost,price_news,0.0,0.0,0.0,0.00494048542449832,0.9310693296678475,1.173486506308622
2015-04-22,1,0.001132033312003955,-0.094312,0.5618807077407837,0.35,2015,xgboost,price_news,1.0,1.0,0.00013203331200395494,0.001132033312003955,0.9311922618351489,1.1748149321249504
2015-04-23,1,0.0011878587344795744,-0.203984,0.5222589373588562,0.35,2015,xgboost,price_news,0.0,1.0,-0.001,0.0011878587344795744,0.9302610695733138,1.176210446303472
2015-04-24,0,-0.0023323890491034893,-0.16898,0.5172597765922546,0.35,2015,xgboost,price_news,0.0,0.0,-0.0,-0.0023323890491034893,0.9302610695733138,1.1734670659390727
2015-04-27,1,0.004001000067485272,-0.21422799999999997,0.6191332936286926,0.35,2015,xgboost,price_news,1.0,1.0,0.003001000067485272,0.004001000067485272,0.9330527831058824,1.1781621077490867
2015-04-28,0,-0.004119864640752868,-0.16842,0.5317261219024658,0.35,2015,xgboost,price_news,0.0,1.0,-0.001,-0.004119864640752868,0.9321197303227765,1.1733082393402963
2015-04-29,0,-0.010812533571301186,-0.06458,0.6180672645568848,0.35,2015,xgboost,price_news,1.0,1.0,-0.011812533571301187,-0.010812533571301186,0.9211090347158665,1.160621804612945
2015-04-30,1,0.010287873942296022,-0.16876399999999997,0.4906388819217682,0.35,2015,xgboost,price_news,0.0,1.0,-0.001,0.010287873942296022,0.9201879256811506,1.1725621354334832
2015-05-01,1,0.0025709991308096036,-0.281584,0.5138965249061584,0.35,2015,xgboost,price_news,0.0,0.0,0.0,0.0025709991308096036,0.9201879256811506,1.175576791664503
2015-05-04,0,-0.007869287283242765,-0.337592,0.5852197408676147,0.35,2015,xgboost,price_news,1.0,1.0,-0.008869287283242766,-0.007869287283242765,0.9120265146137132,1.1663258401673822
2015-05-05,0,-0.0048091137847591225,-0.18962800000000002,0.6353645324707031,0.35,2015,xgboost,price_news,1.0,0.0,-0.0048091137847591225,-0.0048091137847591225,0.9076404753302185,1.1607168464919124
2015-05-06,1,0.004600390530782983,-0.15234,0.5413578748703003,0.35,2015,xgboost,price_news,0.0,1.0,-0.001,0.004600390530782983,0.9067328348548883,1.166056597281434
2015-05-07,1,0.014898902360865662,-0.135912,0.6887083649635315,0.35,2015,xgboost,price_news,1.0,1.0,0.013898902360865661,0.014898902360865662,0.9193354259939275,1.1834295606715735
2015-05-08,0,-0.004724255746497041,-0.050668000000000005,0.4700421988964081,0.35,2015,xgboost,price_news,0.0,1.0,-0.001,-0.004724255746497041,0.9184160905679335,1.1778387367689962
2015-05-11,0,-0.002040270992160975,-0.15674,0.429606169462204,0.35,2015,xgboost,price_news,0.0,0.0,-0.0,-0.002040270992160975,0.9184160905679335,1.175435626560923
2015-05-12,0,-0.00042838921128873775,-0.143424,0.6713415384292603,0.35,2015,xgboost,price_news,1.0,1.0,-0.0014283892112887378,-0.00042838921128873775,0.9171042349326923,1.1749320826199399
2015-05-13,1,0.01061709829110935,-0.189164,0.5483797192573547,0.35,2015,xgboost,price_news,0.0,1.0,-0.001,0.01061709829110935,0.9161871306977596,1.1874064520264935
2015-05-14,1,0.0011133051471756694,-0.263312,0.587551474571228,0.35,2015,xgboost,price_news,1.0,1.0,0.0001133051471756694,0.0011133051471756694,0.9162909394154438,1.1887283977413243
2015-05-15,1,0.0014404282274671498,-0.316304,0.7204763889312744,0.35,2015,xgboost,price_news,1.0,0.0,0.0014404282274671498,0.0014404282274671498,0.9176107907491502,1.1904406756802228
2015-05-18,1,0.0007382837291578515,-0.31432800000000005,0.5652911067008972,0.35,2015,xgboost,price_news,1.0,0.0,0.0007382837291578515,0.0007382837291578515,0.91828824786566,1.1913195586616052
2015-05-19,0,-0.0014738782364741576,-0.28946,0.6144901514053345,0.35,2015,xgboost,price_news,1.0,0.0,-0.0014738782364741576,-0.0014738782364741576,0.9169348028023208,1.1895636986914078
2015-05-20,1,1.8585483103183975e-05,-0.23635999999999996,0.5618187785148621,0.35,2015,xgboost,price_news,1.0,0.0,1.8585483103183975e-05,1.8585483103183975e-05,0.916951844478605,1.18958580730743
2015-05-21,0,-0.002937846776370212,-0.06930799999999998,0.5094729065895081,0.35,2015,xgboost,price_news,0.0,1.0,-0.001,-0.002937846776370212,0.9160348926341264,1.186090986478216
2015-05-22,0,-0.01044757925341877,-0.013007999999999988,0.40179088711738586,0.35,2015,xgboost,price_news,0.0,0.0,-0.0,-0.01044757925341877,0.9160348926341264,1.1736992068952192
2015-05-26,1,0.006731752295778826,-0.23101200000000002,0.4613431394100189,0.35,2015,xgboost,price_news,0.0,0.0,0.0,0.006731752295778826,0.9160348926341264,1.18160025922579
2015-05-27,0,-0.002030012268078085,-0.275308,0.5361393690109253,0.35,2015,xgboost,price_news,0.0,0.0,-0.0,-0.002030012268078085,0.9160348926341264,1.1792015962035973
2015-05-28,0,-0.006368680030293006,-0.18895199999999998,0.5871158838272095,0.35,2015,xgboost,price_news,1.0,1.0,-0.007368680030293006,-0.006368680030293006,0.9092849246137217,1.1716916385461658
2015-05-29,1,0.001648436012094523,-0.127464,0.4107295870780945,0.35,2015,xgboost,price_news,0.0,1.0,-0.001,0.001648436012094523,0.908375639689108,1.1736230972382153
2015-06-01,0,-0.0015758928089442126,-0.365456,0.3704470694065094,0.35,2015,xgboost,price_news,0.0,0.0,-0.0,-0.0015758928089442126,0.908375639689108,1.1717735930388669
2015-06-02,1,0.0035715242196912023,-0.10678400000000002,0.675369918346405,0.35,2015,xgboost,price_news,1.0,1.0,0.0025715242196912022,0.0035715242196912023,0.9107115496471461,1.1759586108063997
2015-06-03,0,-0.009442736661304907,-0.1257,0.5294927954673767,0.35,2015,xgboost,price_news,0.0,1.0,-0.001,-0.009442736661304907,0.9098008380974989,1.164854343319961
2015-06-04,0,-0.0031341704516432145,-0.06307199999999999,0.5304208397865295,0.35,2015,xgboost,price_news,0.0,0.0,-0.0,-0.0031341704516432145,0.9098008380974989,1.1612034912566593
2015-06-05,0,-0.004644966998610611,-0.02538399999999999,0.3440500497817993,0.35,2015,xgboost,price_news,0.0,0.0,-0.0,-0.004644966998610611,0.9098008380974989,1.1558097393611007
2015-06-08,0,-0.00014137347372389364,-0.02323199999999999,0.46073371171951294,0.35,2015,xgboost,price_news,0.0,0.0,-0.0,-0.00014137347372389364,0.9098008380974989,1.1556463385232834
2015-06-09,1,0.013305607366379535,-0.126724,0.5002749562263489,0.35,2015,xgboost,price_news,0.0,0.0,0.0,0.013305607366379535,0.9098008380974989,1.1710229149580682
2015-06-10,1,0.0021648824000317646,-0.156216,0.619828999042511,0.35,2015,xgboost,price_news,1.0,1.0,0.0011648824000317646,0.0021648824000317646,0.9108606490813329,1.1735580418566949
2015-06-11,0,-0.007790144760694839,-0.08484799999999999,0.5764625072479248,0.35,2015,xgboost,price_news,1.0,0.0,-0.007790144760694839,-0.007790144760694839,0.9037649127681688,1.1644158548255537
2015-06-12,0,-0.00601546932306285,-0.143272,0.5225052833557129,0.35,2015,xgboost,price_news,0.0,1.0,-0.001,-0.00601546932306285,0.9028611478554006,1.1574113469715626
2015-06-15,1,0.006368920509262299,-0.12532800000000002,0.4951447546482086,0.35,2015,xgboost,price_news,0.0,0.0,0.0,0.006368920509262299,0.9028611478554006,1.1647828078369427
2015-06-16,1,0.0017459185735171356,-0.177804,0.6144556999206543,0.35,2015,xgboost,price_news,1.0,1.0,0.0007459185735171356,0.0017459185735171356,0.9035346087548931,1.1668164237752585
2015-06-17,1,0.010041381490271117,-0.25361599999999995,0.5580655336380005,0.35,2015,xgboost,price_news,1.0,0.0,0.010041381490271117,0.010041381490271117,0.9126073444510638,1.1785328726154998
2015-06-18,0,-0.005513993602294098,-0.056092,0.5984975695610046,0.35,2015,xgboost,price_news,1.0,0.0,-0.005513993602294098,-0.005513993602294098,0.907575233392354,1.1720344498958046
2015-06-19,1,0.005763231053654394,-0.256252,0.3967914283275604,0.35,2015,xgboost,price_news,0.0,1.0,-0.001,0.005763231053654394,0.9066676581589617,1.178789155233397
2015-06-22,1,0.0013405800700905246,-0.09795600000000002,0.5635390877723694,0.35,2015,xgboost,price_news,1.0,1.0,0.0003405800700905246,0.0013405800700905246,0.9069764510935263,1.1803694164817415
2015-06-23,0,-0.00981036762640164,-0.14401999999999998,0.6996248960494995,0.35,2015,xgboost,price_news,1.0,0.0,-0.00981036762640164,-0.00981036762640164,0.8980786786798097,1.1687895585710946
2015-06-24,0,-0.004214106684722885,-0.12614,0.6666946411132812,0.35,2015,xgboost,price_news,1.0,0.0,-0.004214106684722885,-0.004214106684722885,0.894294079316578,1.1638641546792858
2015-06-25,1,0.00314808170252312,-0.133488,0.6500721573829651,0.35,2015,xgboost,price_news,1.0,0.0,0.00314808170252312,0.00314808170252312,0.8971093901443493,1.1675280941288542
2015-06-26,0,-0.0195206068805166,-0.178916,0.436893105506897,0.35,2015,xgboost,price_news,0.0,1.0,-0.001,-0.0195206068805166,0.896212280754205,1.144737237181406
2015-06-29,1,0.0013161910006693756,-0.11874799999999999,0.4515449106693268,0.35,2015,xgboost,price_news,0.0,0.0,0.0,0.0013161910006693756,0.896212280754205,1.1462439300311154
2015-06-30,1,0.007854951235196639,-0.140868,0.6193246841430664,0.35,2015,xgboost,price_news,1.0,1.0,0.006854951235196639,0.007854951235196639,0.9023557722351595,1.1552476202051498
2015-07-01,0,-0.0015655435102316373,-0.258184,0.38721904158592224,0.35,2015,xgboost,price_news,0.0,1.0,-0.001,-0.0015655435102316373,0.9014534164629243,1.1534390297906272
2015-07-02,0,-0.0026243096427599477,-0.15706,0.5761355757713318,0.35,2015,xgboost,price_news,1.0,1.0,-0.0036243096427599477,-0.0026243096427599477,0.8981862701531388,1.1504120486224119
2015-07-06,1,0.00527778185120531,-0.271772,0.5101404786109924,0.35,2015,xgboost,price_news,0.0,1.0,-0.001,0.00527778185120531,0.8972880838829856,1.156483672454039
2015-07-07,0,-0.014709543543018011,-0.32156,0.5210841298103333,0.35,2015,xgboost,price_news,0.0,0.0,-0.0,-0.014709543543018011,0.8972880838829856,1.139472325517287
2015-07-08,1,0.0018954280940932655,-0.08581600000000002,0.4812402129173279,0.35,2015,xgboost,price_news,0.0,0.0,0.0,0.0018954280940932655,0.8972880838829856,1.1416321133755143
2015-07-09,1,0.012068813694017688,-0.24802000000000002,0.29229798913002014,0.35,2015,xgboost,price_news,0.0,0.0,0.0,0.012068813694017688,0.8972880838829856,1.155410258658951
2015-07-10,1,0.01223336229803218,-0.094576,0.4948600232601166,0.35,2015,xgboost,price_news,0.0,0.0,0.0,0.01223336229803218,0.8972880838829856,1.169544810955989
2015-07-13,1,0.004221923591767096,-0.17605600000000002,0.37381711602211,0.35,2015,xgboost,price_news,0.0,0.0,0.0,0.004221923591767096,0.8972880838829856,1.1744825397849927
2015-07-14,0,-0.00018889084520989918,-0.139068,0.5226244330406189,0.35,2015,xgboost,price_news,0.0,0.0,-0.0,-0.00018889084520989918,0.8972880838829856,1.1742606907853685
2015-07-15,1,0.0038825162479265707,-0.14102800000000001,0.7420281171798706,0.35,2015,xgboost,price_news,1.0,1.0,0.0028825162479265707,0.0038825162479265707,0.8998745313638493,1.1788197769966442
2015-07-16,0,-0.001865359528704147,0.004972000000000003,0.6747690439224243,0.35,2015,xgboost,price_news,1.0,0.0,-0.001865359528704147,-0.001865359528704147,0.8981959418321316,1.1766208542929986
2015-07-17,1,0.0007719003786181844,-0.21928,0.6449807286262512,0.35,2015,xgboost,price_news,1.0,0.0,0.0007719003786181844,0.0007719003786181844,0.8988892596197051,1.1775290883759173
2015-07-20,0,-0.010006463524251274,-0.112456,0.6341293454170227,0.35,2015,xgboost,price_news,1.0,0.0,-0.010006463524251274,-0.010006463524251274,0.8898945570309793,1.1657461865043388
2015-07-21,0,-0.003808744853875501,-0.12955199999999997,0.4072031080722809,0.35,2015,xgboost,price_news,0.0,1.0,-0.001,-0.003808744853875501,0.8890046624739483,1.1613061567155654
2015-07-22,0,-0.006672952738844828,-0.225364,0.5989940762519836,0.35,2015,xgboost,price_news,1.0,1.0,-0.0076729527388448284,-0.006672952738844828,0.8821833717141729,1.1535568156164728
2015-07-23,0,-0.009214491477444686,-0.206784,0.6188061833381653,0.35,2015,xgboost,price_news,1.0,0.0,-0.009214491477444686,-0.009214491477444686,0.8740545005539693,1.1429273761702265
2015-07-24,0,-0.0072823086575521945,-0.124784,0.5631273984909058,0.35,2015,xgboost,price_news,1.0,0.0,-0.0072823086575521945,-0.0072823086575521945,0.8676893658974126,1.1346042262437888
2015-07-27,1,0.010875761009038198,-0.32331200000000004,0.4419582486152649,0.35,2015,xgboost,price_news,0.0,1.0,-0.001,0.010875761009038198,0.8668216765315152,1.1469439106482608
2015-07-28,1,0.006870064793225383,-0.266944,0.5103479623794556,0.35,2015,xgboost,price_news,0.0,0.0,0.0,0.006870064793225383,0.8668216765315152,1.1548234896286098
2015-07-29,0,-0.0003047736436142534,-0.22156000000000003,0.570533037185669,0.35,2015,xgboost,price_news,1.0,1.0,-0.0013047736436142534,-0.0003047736436142534,0.8656906704542634,1.1544715298659445
2015-07-30,0,-0.003162467923259249,-0.194848,0.5638151168823242,0.35,2015,xgboost,price_news,1.0,0.0,-0.003162467923259249,-0.003162467923259249,0.862952951477487,1.1508205506844273
2015-07-31,0,-0.005181508459560669,-0.1502,0.5874050855636597,0.35,2015,xgboost,price_news,1.0,0.0,-0.005181508459560669,-0.005181508459560669,0.8584815534592035,1.1448575642656198
2015-08-03,0,-0.0026996947476708444,-0.324128,0.5911732912063599,0.35,2015,xgboost,price_news,1.0,0.0,-0.0026996947476708444,-0.0026996947476708444,0.8561639153183574,1.1417667983125406
2015-08-04,0,-0.0005822420838432762,-0.22917599999999996,0.443002849817276,0.35,2015,xgboost,price_news,0.0,1.0,-0.001,-0.0005822420838432762,0.855307751403039,1.141102013632628
2015-08-05,0,-0.006882409545563184,-0.25925600000000004,0.5500412583351135,0.35,2015,xgboost,price_news,1.0,1.0,-0.007882409545563185,-0.006882409545563184,0.8485658654189856,1.1332484822415414
2015-08-06,0,-0.0026618717834641092,-0.17468399999999998,0.6242831945419312,0.35,2015,xgboost,price_news,1.0,0.0,-0.0026618717834641092,-0.0026618717834641092,0.846307091885416,1.130231920083009
2015-08-07,1,0.013917214211921491,-0.34379999999999994,0.41998642683029175,0.35,2015,xgboost,price_news,0.0,1.0,-0.001,0.013917214211921491,0.8454607847935306,1.1459615998239556
2015-08-10,0,-0.012053819460169923,-0.12395600000000001,0.49636462330818176,0.35,2015,xgboost,price_news,0.0,0.0,-0.0,-0.012053819460169923,0.8454607847935306,1.13214838559139
2015-08-11,0,-1.896690442237947e-05,-0.196448,0.469507098197937,0.35,2015,xgboost,price_news,0.0,0.0,-0.0,-1.896690442237947e-05,0.8454607847935306,1.1321269122411686
2015-08-12,1,0.00032985092823878404,-0.17674800000000002,0.5311948657035828,0.35,2015,xgboost,price_news,0.0,0.0,0.0,0.00032985092823878404,0.8454607847935306,1.1325003453540554
2015-08-13,1,0.003972276995102941,-0.07068,0.45597606897354126,0.35,2015,xgboost,price_news,0.0,0.0,0.0,0.003972276995102941,0.8454607847935306,1.1369989504228515
2015-08-14,1,0.003878110902288734,-0.17702400000000001,0.5783184170722961,0.35,2015,xgboost,price_news,1.0,1.0,0.002878110902288734,0.003878110902288734,0.8478941146957025,1.1414083584483772
2015-08-17,0,-0.0019287259863828288,-0.282132,0.507503867149353,0.35,2015,xgboost,price_news,0.0,1.0,-0.001,-0.0019287259863828288,0.8470462205810069,1.1392068944863631
2015-08-18,0,-0.00928594707478736,-0.16716,0.5910406708717346,0.35,2015,xgboost,price_news,1.0,1.0,-0.01028594707478736,-0.00928594707478736,0.838333547986212,1.12862827955693
2015-08-19,0,-0.020637879909413126,-0.046099999999999995,0.597854495048523,0.35,2015,xgboost,price_news,1.0,0.0,-0.020637879909413126,-0.020637879909413126,0.8210321208988403,1.1053357846610665
2015-08-20,0,-0.031248846873971448,-0.166256,0.49689847230911255,0.35,2015,xgboost,price_news,0.0,1.0,-0.001,-0.031248846873971448,0.8202110887779415,1.0707953159818717
2015-08-21,0,-0.035747832804264856,-0.112672,0.5559393167495728,0.35,2015,xgboost,price_news,1.0,1.0,-0.03674783280426486,-0.035747832804264856,0.7900701088233256,1.0325167040585619
2015-08-24,0,-0.012910633566020402,-0.22915200000000002,0.5262015461921692,0.35,2015,xgboost,price_news,0.0,1.0,-0.001,-0.012910633566020402,0.7892800387145023,1.0191862592416667
2015-08-25,1,0.03951563463098684,-0.118084,0.5357969403266907,0.35,2015,xgboost,price_news,0.0,0.0,0.0,0.03951563463098684,0.7892800387145023,1.0594600510827827
2015-08-26,1,0.02267412996619389,-0.1684,0.5451108813285828,0.35,2015,xgboost,price_news,0.0,0.0,0.0,0.02267412996619389,0.7892800387145023,1.0834823859750242
2015-08-27,0,-0.0007060899268592769,-0.26559599999999994,0.5244601368904114,0.35,2015,xgboost,price_news,0.0,0.0,-0.0,-0.0007060899268592769,0.7892800387145023,1.0827173499763578
2015-08-28,0,-0.006908634352597254,-0.26994799999999997,0.5391694903373718,0.35,2015,xgboost,price_news,0.0,0.0,-0.0,-0.006908634352597254,0.7892800387145023,1.075237251698158
2015-08-31,0,-0.028417162116553873,-0.24221600000000001,0.5643682479858398,0.35,2015,xgboost,price_news,1.0,1.0,-0.029417162116553874,-0.028417162116553873,0.7660616598602779,1.0446820604028937
2015-09-01,1,0.018247844961338355,-0.152224,0.6841999292373657,0.35,2015,xgboost,price_news,1.0,0.0,0.018247844961338355,0.018247844961338355,0.7800406342602337,1.0637452566750172
2015-09-02,1,0.0014298415893514438,-0.265788,0.4715915322303772,0.35,2015,xgboost,price_news,0.0,1.0,-0.001,0.0014298415893514438,0.7792605936259736,1.0652662438834863
2015-09-03,0,-0.01663413002037195,-0.12478800000000001,0.5755624771118164,0.35,2015,xgboost,price_news,1.0,1.0,-0.017634130020371952,-0.01663413002037195,0.765519010998221,1.0475464666764152
2015-09-04,1,0.02423864098573758,-0.209656,0.529611349105835,0.35,2015,xgboost,price_news,0.0,1.0,-0.001,0.02423864098573758,0.7647534919872228,1.0729375693980627
2015-09-08,0,-0.014497909407285459,-0.228032,0.3989976644515991,0.35,2015,xgboost,price_news,0.0,0.0,-0.0,-0.014497909407285459,0.7647534919872228,1.0573822177172565
2015-09-09,1,0.004726966292647461,-0.095004,0.5210027694702148,0.35,2015,xgboost,price_news,0.0,0.0,0.0,0.004726966292647461,0.7647534919872228,1.0623804278188507
2015-09-10,1,0.006288238533122215,-0.20463599999999996,0.34240806102752686,0.35,2015,xgboost,price_news,0.0,0.0,0.0,0.006288238533122215,0.7647534919872228,1.069060929361896
2015-09-11,0,-0.003780779122477873,-0.10986000000000001,0.6651136875152588,0.35,2015,xgboost,price_news,1.0,1.0,-0.004780779122477873,-0.003780779122477873,0.7610973744588881,1.0650190461195077
2015-09-14,1,0.013981443271822602,-0.135056,0.5498752593994141,0.35,2015,xgboost,price_news,0.0,1.0,-0.001,0.013981443271822602,0.7603362770844293,1.0799095494962383
2015-09-15,1,0.0084398120043232,-0.20151599999999997,0.4656324088573456,0.35,2015,xgboost,price_news,0.0,0.0,0.0,0.0084398120043232,0.7603362770844293,1.08902378307566
2015-09-16,0,-0.003895411159669737,-0.13800800000000002,0.5665572285652161,0.35,2015,xgboost,price_news,1.0,1.0,-0.004895411159669737,-0.003895411159669737,0.7566141183884885,1.0847815876779212
2015-09-17,0,-0.017401179984103288,-0.12546,0.5876554846763611,0.35,2015,xgboost,price_news,1.0,0.0,-0.017401179984103288,-0.017401179984103288,0.7434481399358968,1.0659051080272963
2015-09-18,1,0.007666316402497264,-0.07552000000000002,0.3486329913139343,0.35,2015,xgboost,price_news,0.0,1.0,-0.001,0.007666316402497264,0.7427046917959609,1.0740766738404717
2015-09-21,0,-0.010885382418633793,-0.194544,0.5022671222686768,0.35,2015,xgboost,price_news,0.0,0.0,-0.0,-0.010885382418633793,0.7427046917959609,1.062384938498784
2015-09-22,0,-0.0030972825549758776,-0.22790000000000002,0.5878145098686218,0.35,2015,xgboost,price_news,1.0,1.0,-0.004097282554975878,-0.0030972825549758776,0.7396616208187665,1.0590944321621025
2015-09-23,0,-0.004826159003458175,-0.16079600000000002,0.47159144282341003,0.35,2015,xgboost,price_news,0.0,1.0,-0.001,-0.004826159003458175,0.7389219591979478,1.0539830740328109
2015-09-24,1,0.006996319300967224,-0.346372,0.35412925481796265,0.35,2015,xgboost,price_news,0.0,0.0,0.0,0.006996319300967224,0.7389219591979478,1.0613570761565594
2015-09-25,0,-0.019171719409304178,-0.11161599999999999,0.5725736021995544,0.35,2015,xgboost,price_news,1.0,1.0,-0.02017171940930418,-0.019171719409304178,0.7240166327716335,1.0410090360994064
2015-09-28,1,0.0029521660278355455,-0.06982799999999999,0.43164077401161194,0.35,2015,xgboost,price_news,0.0,1.0,-0.001,0.0029521660278355455,0.7232926161388619,1.0440822676104489
2015-09-29,1,0.014678073747133702,-0.21528799999999998,0.4923887252807617,0.35,2015,xgboost,price_news,0.0,0.0,0.0,0.014678073747133702,0.7232926161388619,1.0594073841325096
2015-09-30,0,-0.0007792853935313371,-0.039560000000000005,0.4301206171512604,0.35,2015,xgboost,price_news,0.0,0.0,-0.0,-0.0007792853935313371,0.7232926161388619,1.0585818034322558
2015-10-01,1,0.012313130208331469,-0.18397599999999995,0.5155242681503296,0.35,2015,xgboost,price_news,0.0,0.0,0.0,0.012313130208331469,0.7232926161388619,1.0716162590140876
2015-10-02,1,0.018458823038587147,-0.299304,0.5062752366065979,0.35,2015,xgboost,price_news,0.0,0.0,0.0,0.018458823038587147,0.7232926161388619,1.0913970339045014
2015-10-05,1,0.0008201843452926294,-0.16614,0.5747129321098328,0.35,2015,xgboost,price_news,1.0,1.0,-0.00017981565470737062,0.0008201843452926294,0.7231625568035458,1.0922921806662087
2015-10-06,1,0.007272080481389942,-0.24644800000000003,0.7201451659202576,0.35,2015,xgboost,price_news,1.0,0.0,0.007272080481389942,0.007272080481389942,0.7284214531177489,1.1002354173132063
2015-10-07,1,0.008187001623044976,-0.041424,0.5973758697509766,0.35,2015,xgboost,price_news,1.0,0.0,0.008187001623044976,0.008187001623044976,0.7343850407366846,1.109243046460481
2015-10-08,1,0.0019788123103090527,-0.201436,0.3064188063144684,0.35,2015,xgboost,price_news,0.0,1.0,-0.001,0.0019788123103090527,0.733650655695948,1.1114380302559417
2015-10-09,1,0.0027726399998595497,-0.147768,0.5605722069740295,0.35,2015,xgboost,price_news,1.0,1.0,0.0017726399998595497,0.0027726399998595497,0.7349511541941579,1.1145196477959944
2015-10-12,0,-0.0029167149289655026,-0.23311199999999999,0.302189439535141,0.35,2015,xgboost,price_news,0.0,1.0,-0.001,-0.0029167149289655026,0.7342162030399637,1.1112689117006425
2015-10-13,0,-0.009199252497848143,-0.17140799999999998,0.4857001006603241,0.35,2015,xgboost,price_news,0.0,0.0,-0.0,-0.009199252497848143,0.7342162030399637,1.1010460683888994
2015-10-14,1,0.012821459696598092,-0.209484,0.6602697372436523,0.35,2015,xgboost,price_news,1.0,1.0,0.011821459696598091,0.012821459696598092,0.7428957102927899,1.1151630861788455
2015-10-15,1,0.004329820642583027,-0.23531200000000002,0.5713062286376953,0.35,2015,xgboost,price_news,1.0,0.0,0.004329820642583027,0.004329820642583027,0.746112315474502,1.1199915423292293
2015-10-16,1,0.0008462118837981869,-0.09378399999999999,0.4599226415157318,0.35,2015,xgboost,price_news,0.0,1.0,-0.001,0.0008462118837981869,0.7453662031590275,1.1209392924821018
2015-10-19,0,-0.0007794118890694923,-0.290812,0.5847581028938293,0.35,2015,xgboost,price_news,1.0,1.0,-0.0017794118890694923,-0.0007794118890694923,0.7440398896754157,1.1200656190706162
2015-10-20,0,-0.002816965318837128,-0.220032,0.5299131870269775,0.35,2015,xgboost,price_news,0.0,1.0,-0.001,-0.002816965318837128,0.7432958497857403,1.1169104330668724
2015-10-21,1,0.01867074810769309,-0.19050399999999995,0.5205409526824951,0.35,2015,xgboost,price_news,0.0,0.0,0.0,0.01867074810769309,0.7432958497857403,1.1377639864215183
2015-10-22,1,0.00900781178711707,-0.24097199999999996,0.4229316711425781,0.35,2015,xgboost,price_news,0.0,0.0,0.0,0.00900781178711707,0.7432958497857403,1.1480127502693633
2015-10-23,0,-0.0013401054614528007,-0.229596,0.3092932105064392,0.35,2015,xgboost,price_news,0.0,0.0,-0.0,-0.0013401054614528007,0.7432958497857403,1.1464742921129099
2015-10-26,0,-0.0023617416483231457,-0.197684,0.4657037556171417,0.35,2015,xgboost,price_news,0.0,0.0,-0.0,-0.0023617416483231457,0.7432958497857403,1.143766616028495
2015-10-27,1,0.011266992873463888,-0.130404,0.6436362862586975,0.35,2015,xgboost,price_news,1.0,1.0,0.010266992873463887,0.011266992873463888,0.7509272629783659,1.156653426340194
2015-10-28,0,-0.001334048985893288,-0.09330000000000002,0.35155802965164185,0.35,2015,xgboost,price_news,0.0,1.0,-0.001,-0.001334048985893288,0.7501763357153876,1.155110394009755
2015-10-29,0,-0.005196145199980462,-0.17020000000000002,0.5477164387702942,0.35,2015,xgboost,price_news,0.0,0.0,-0.0,-0.005196145199980462,0.7501763357153876,1.1491082726804736
2015-10-30,1,0.009353771258413524,-0.240732,0.536655843257904,0.35,2015,xgboost,price_news,0.0,0.0,0.0,0.009353771258413524,0.7501763357153876,1.1598567686142773
2015-11-02,1,0.005013844270338463,-0.17198799999999997,0.39489248394966125,0.35,2015,xgboost,price_news,0.0,0.0,0.0,0.005013844270338463,0.7501763357153876,1.1656721098280074
2015-11-03,0,-0.0028222953762795377,-0.222688,0.3200824558734894,0.35,2015,xgboost,price_news,0.0,0.0,-0.0,-0.0028222953762795377,0.7501763357153876,1.1623822388221818
2015-11-04,0,-0.00023228607242165022,-0.08777199999999999,0.6097472906112671,0.35,2015,xgboost,price_news,1.0,1.0,-0.0012322860724216502,-0.00023228607242165022,0.7492519038650252,1.1621122336172731
2015-11-05,1,0.0026254975007125037,-0.09376000000000002,0.5694467425346375,0.35,2015,xgboost,price_news,1.0,0.0,0.0026254975007125037,0.0026254975007125037,0.7512190628660269,1.1651633563821826
2015-11-06,0,-0.010041669149409849,-0.19978799999999997,0.4088939428329468,0.35,2015,xgboost,price_news,0.0,1.0,-0.001,-0.010041669149409849,0.7504678438031609,1.1534631714523769
2015-11-09,1,0.001563999861621701,-0.128752,0.5640256404876709,0.35,2015,xgboost,price_news,1.0,1.0,0.000563999861621701,0.001563999861621701,0.7508911075632175,1.1552671876929141
2015-11-10,0,-0.003152920933053527,-0.3649479999999999,0.4208996891975403,0.35,2015,xgboost,price_news,0.0,1.0,-0.001,-0.003152920933053527,0.7501402164556543,1.1516247215935673
2015-11-11,0,-0.014356977876619048,-0.12387599999999999,0.6266911625862122,0.35,2015,xgboost,price_news,1.0,1.0,-0.015356977876619049,-0.014356977876619048,0.7386203297471826,1.1350908709434808
2015-11-12,0,-0.011624785685354633,-0.133716,0.5504973530769348,0.35,2015,xgboost,price_news,1.0,0.0,-0.011624785685354633,-0.011624785685354633,0.7300340267110257,1.1218956828353603
2015-11-13,1,0.013787545361718001,-0.299912,0.588512122631073,0.35,2015,xgboost,price_news,1.0,0.0,0.013787545361718001,0.013787545361718001,0.7400994039699016,1.1373638704535685
2015-11-16,1,0.0003712309314511941,-0.335584,0.42847684025764465,0.35,2015,xgboost,price_news,0.0,1.0,-0.001,0.0003712309314511941,0.7393593045659317,1.1377860951025958
2015-11-17,1,0.014160505217416297,-0.24865999999999996,0.454394668340683,0.35,2015,xgboost,price_news,0.0,0.0,0.0,0.014160505217416297,0.7393593045659317,1.1538977210385999
2015-11-18,0,-0.00024863935157681816,-0.42894,0.30370110273361206,0.35,2015,xgboost,price_news,0.0,0.0,-0.0,-0.00024863935157681816,0.7393593045659317,1.1536108166574548
2015-11-19,1,0.005135162171687968,-0.33447200000000005,0.6578471660614014,0.35,2015,xgboost,price_news,1.0,1.0,0.004135162171687968,0.005135162171687968,0.7424166751934583,1.1595347952840043
2015-11-20,0,-0.0017465883020867379,-0.286732,0.6389815807342529,0.35,2015,xgboost,price_news,1.0,0.0,-0.0017465883020867379,-0.0017465883020867379,0.7411199789132913,1.1575095653746987
2015-11-23,1,0.0010965051550473337,-0.22583199999999998,0.527534544467926,0.35,2015,xgboost,price_news,0.0,1.0,-0.001,0.0010965051550473337,0.740378858934378,1.1587787805801486
2015-11-24,1,6.743539322728864e-05,-0.08943600000000002,0.5835808515548706,0.35,2015,xgboost,price_news,1.0,1.0,-0.0009325646067727114,6.743539322728864e-05,0.7396884078149331,1.1588569232828805
2015-11-25,0,0.0,-0.21147599999999997,0.42587339878082275,0.35,2015,xgboost,price_news,0.0,1.0,-0.001,0.0,0.7389487194071181,1.1588569232828805
2015-11-27,0,-0.005247215702372743,-0.123524,0.6729736328125,0.35,2015,xgboost,price_news,1.0,1.0,-0.006247215702372743,-0.005247215702372743,0.7343323473639898,1.1527761510382273
2015-11-30,1,0.009505104297389488,-0.121796,0.4306245744228363,0.35,2015,xgboost,price_news,0.0,1.0,-0.001,0.009505104297389488,0.7335980150166258,1.1637334085853888
2015-12-01,0,-0.008870014532820325,-0.186232,0.5972006320953369,0.35,2015,xgboost,price_news,1.0,1.0,-0.009870014532820326,-0.008870014532820325,0.7263573919471635,1.1534110763389078
2015-12-02,0,-0.014214005579049838,-0.07274000000000001,0.5851485729217529,0.35,2015,xgboost,price_news,1.0,0.0,-0.014214005579049838,-0.014214005579049838,0.7160329439256424,1.1370164848648887
2015-12-03,1,0.021167634967994786,-0.189204,0.4781835675239563,0.35,2015,xgboost,price_news,0.0,1.0,-0.001,0.021167634967994786,0.7153169109817168,1.1610844347691012
2015-12-04,0,-0.006562276748397711,-0.21191200000000002,0.5849757790565491,0.35,2015,xgboost,price_news,1.0,1.0,-0.007562276748397711,-0.006562276748397711,0.7099074865380641,1.1534650773798893
2015-12-07,0,-0.009165543920887531,-0.24694400000000002,0.4536122679710388,0.35,2015,xgboost,price_news,0.0,1.0,-0.001,-0.009165543920887531,0.709197579051526,1.142892942551954
2015-12-08,0,-0.004308926400273139,-0.27630000000000005,0.694896936416626,0.35,2015,xgboost,price_news,1.0,1.0,-0.005308926400273139,-0.004308926400273139,0.7054325013010896,1.1379683009791062
2015-12-09,1,0.004713457653869879,-0.287568,0.670262336730957,0.35,2015,xgboost,price_news,1.0,0.0,0.004713457653869879,0.004713457653869879,0.7087575275236357,1.1433320663772175
2015-12-10,0,-0.01761271494615857,-0.30726400000000004,0.5267238616943359,0.35,2015,xgboost,price_news,0.0,1.0,-0.001,-0.01761271494615857,0.7080487699961121,1.123194884603313
2015-12-11,1,0.005982496383676761,-0.270084,0.6956039071083069,0.35,2015,xgboost,price_news,1.0,1.0,0.004982496383676761,0.005982496383676761,0.7115766204320846,1.1299143939386167
2015-12-14,1,0.009005392290641234,-0.18875999999999998,0.6369975209236145,0.35,2015,xgboost,price_news,1.0,0.0,0.009005392290641234,0.009005392290641234,0.7179846470439242,1.140089716310876
2015-12-15,1,0.012792059189144833,-0.23382000000000003,0.5932655930519104,0.35,2015,xgboost,price_news,1.0,0.0,0.012792059189144833,0.012792059189144833,0.7271691491458073,1.15467381144286
2015-12-16,0,-0.014268337262691277,-0.138144,0.41319626569747925,0.35,2015,xgboost,price_news,0.0,1.0,-0.001,-0.014268337262691277,0.7264419799966615,1.1381985360727962
2015-12-17,0,-0.020992936965295472,-0.159476,0.5452457666397095,0.35,2015,xgboost,price_news,0.0,0.0,-0.0,-0.020992936965295472,0.7264419799966615,1.1143044059510283
2015-12-18,1,0.007184983807066336,-0.218516,0.6020163297653198,0.35,2015,xgboost,price_news,1.0,1.0,0.006184983807066336,0.007184983807066336,0.7309350118797141,1.1223106650639292
2015-12-21,1,0.009602019882662516,-0.20491199999999998,0.5892098546028137,0.35,2015,xgboost,price_news,1.0,0.0,0.009602019882662516,0.009602019882662516,0.7379534643967173,1.1330871143843972
2015-12-22,1,0.010641153808300663,-0.251928,0.6077951788902283,0.35,2015,xgboost,price_news,1.0,0.0,0.010641153808300663,0.010641153808300663,0.7458061407147311,1.1451444686467651
2015-12-23,0,-0.0028654531794379823,-0.21262,0.5340067744255066,0.35,2015,xgboost,price_news,0.0,1.0,-0.001,-0.0028654531794379823,0.7450603345740163,1.1418631107881654
2015-12-24,0,-0.0013616772801431365,-0.30454799999999993,0.610687255859375,0.35,2015,xgboost,price_news,1.0,1.0,-0.0023616772801431365,-0.0013616772801431365,0.743300742509517,1.1403082617331717
2015-12-28,1,0.010994293398967514,-0.26184799999999997,0.6225032806396484,0.35,2015,xgboost,price_news,1.0,0.0,0.010994293398967514,0.010994293398967514,0.7514728089563371,1.152845145327933
2015-12-29,0,-0.006608625758877551,-0.21438,0.5103822946548462,0.35,2015,xgboost,price_news,0.0,1.0,-0.001,-0.006608625758877551,0.7507213361473807,1.1452264232045217
2015-12-30,0,-0.010159121416295602,-0.25373999999999997,0.5632236003875732,0.35,2015,xgboost,price_news,1.0,1.0,-0.011159121416295603,-0.010159121416295602,0.7423439456075084,1.133591928922037
2015-12-31,0,-0.015844440734887888,-0.082616,0.5456609129905701,0.35,2015,xgboost,price_news,0.0,1.0,-0.001,-0.015844440734887888,0.7416016016619009,1.1156307987866847
2016-01-29,0,-0.0010397655932385952,-0.171124,0.5895035862922668,0.355,2016,xgboost,price_news,1.0,1.0,-0.002039765593238595,-0.0010397655932385952,0.7400889082309403,1.114470804267349
2016-02-01,0,-0.017972911391786695,-0.062479999999999994,0.5972270369529724,0.355,2016,xgboost,price_news,1.0,0.0,-0.017972911391786695,-0.017972911391786695,0.7267873558612614,1.0944405192535187
2016-02-02,1,0.011336222063887513,-0.16584800000000002,0.6296543478965759,0.355,2016,xgboost,price_news,1.0,0.0,0.011336222063887513,0.011336222063887513,0.7350263787205303,1.106847340015493
2016-02-03,1,0.004892060019418665,-0.23439999999999997,0.5446250438690186,0.355,2016,xgboost,price_news,0.0,1.0,-0.001,0.004892060019418665,0.7342913523418098,1.1122621036351827
2016-02-04,0,-0.012890038606980014,-0.133156,0.5070870518684387,0.355,2016,xgboost,price_news,0.0,0.0,-0.0,-0.012890038606980014,0.7342913523418098,1.0979250021782445
2016-02-05,0,-0.010979343065575575,-0.176608,0.5269450545310974,0.355,2016,xgboost,price_news,0.0,0.0,-0.0,-0.010979343065575575,0.7342913523418098,1.0858705069190568
2016-02-08,0,-0.0007905336387017403,-0.24814799999999998,0.49580487608909607,0.355,2016,xgboost,price_news,0.0,0.0,-0.0,-0.0007905336387017403,0.7342913523418098,1.0850120897560631
2016-02-09,0,-0.006221886187786185,-0.21808799999999998,0.5799046754837036,0.355,2016,xgboost,price_news,1.0,1.0,-0.007221886187786185,-0.006221886187786185,0.7289883837665216,1.078261268021229
2016-02-10,0,-0.015995268679042662,-0.289868,0.4494076371192932,0.355,2016,xgboost,price_news,0.0,1.0,-0.001,-0.015995268679042662,0.7282593953827551,1.061014189333024
2016-02-11,1,0.02002915434235719,-0.24364400000000003,0.534008264541626,0.355,2016,xgboost,price_news,0.0,0.0,0.0,0.02002915434235719,0.7282593953827551,1.082265406290606
2016-02-12,1,0.013933425787012732,-0.04885200000000001,0.5041873455047607,0.355,2016,xgboost,price_news,0.0,0.0,0.0,0.013933425787012732,0.7282593953827551,1.0973450710110073
2016-02-16,1,0.015893640598169112,-0.141712,0.5485276579856873,0.355,2016,xgboost,price_news,0.0,0.0,0.0,0.015893640598169112,0.7282593953827551,1.1147858791818286
2016-02-17,0,-0.002455379070312458,-0.16687600000000002,0.644340455532074,0.355,2016,xgboost,price_news,1.0,1.0,-0.003455379070312458,-0.002455379070312458,0.7257429831101911,1.1120486572662056
2016-02-18,0,-0.0013062141433898278,-0.301628,0.647290825843811,0.355,2016,xgboost,price_news,1.0,0.0,-0.0013062141433898278,-0.0013062141433898278,0.7247950073611867,1.1105960835819468
2016-02-19,1,0.013950101161340323,-0.20442399999999997,0.4984838664531708,0.355,2016,xgboost,price_news,0.0,1.0,-0.001,0.013950101161340323,0.7240702123538255,1.1260890112973034
2016-02-22,0,-0.011364221229913984,-0.16456400000000002,0.4935859739780426,0.355,2016,xgboost,price_news,0.0,0.0,-0.0,-0.011364221229913984,0.7240702123538255,1.1132918866483457
2016-02-23,1,0.0032382942856172825,-0.097632,0.6302372217178345,0.355,2016,xgboost,price_news,1.0,1.0,0.0022382942856172825,0.0032382942856172825,0.7256908945725229,1.116897053403103
2016-02-24,1,0.012878310814048,-0.205664,0.5302878618240356,0.355,2016,xgboost,price_news,0.0,1.0,-0.001,0.012878310814048,0.7249652036779504,1.1312808008041226
2016-02-25,0,-0.003432794316919785,-0.145976,0.39132365584373474,0.355,2016,xgboost,price_news,0.0,0.0,-0.0,-0.003432794316919785,0.7249652036779504,1.1273973465002818
2016-02-26,0,-0.0074201274271317175,-0.35094000000000003,0.5305781364440918,0.355,2016,xgboost,price_news,0.0,0.0,-0.0,-0.0074201274271317175,0.7249652036779504,1.1190319145282395
2016-02-29,1,0.02110496037296028,-0.22620799999999996,0.708534300327301,0.355,2016,xgboost,price_news,1.0,1.0,0.02010496037296028,0.02110496037296028,0.7395406003696705,1.1426490387404358
2016-03-01,1,0.002030244377236423,-0.34865999999999997,0.41151687502861023,0.355,2016,xgboost,price_news,0.0,1.0,-0.001,0.002030244377236423,0.7388010597693009,1.1449688955264932
2016-03-02,1,0.002637980591938094,-0.21096,0.3840022087097168,0.355,2016,xgboost,price_news,0.0,0.0,0.0,0.002637980591938094,0.7388010597693009,1.1479893012512647
2016-03-03,1,0.003710429036362539,-0.255652,0.4710192084312439,0.355,2016,xgboost,price_news,0.0,0.0,0.0,0.003710429036362539,0.7388010597693009,1.152248834088061
2016-03-04,1,0.003950173363468146,-0.276396,0.4571937918663025,0.355,2016,xgboost,price_news,0.0,0.0,0.0,0.003950173363468146,0.7388010597693009,1.156800416740563
2016-03-07,0,-0.006433755225051074,-0.10234,0.5219983458518982,0.355,2016,xgboost,price_news,0.0,0.0,-0.0,-0.006433755225051074,0.7388010597693009,1.1493578460150171
2016-03-08,1,0.002137441233884374,-0.274468,0.5696284174919128,0.355,2016,xgboost,price_news,1.0,1.0,0.001137441233884374,0.002137441233884374,0.73964140255832,1.1518145308675782
2016-03-09,0,-0.00030755326312026376,-0.194448,0.575916051864624,0.355,2016,xgboost,price_news,1.0,0.0,-0.00030755326312026376,-0.00030755326312026376,0.7394139234314243,1.1514602865501005
2016-03-10,1,0.012837776290758107,-0.35422,0.4547942876815796,0.355,2016,xgboost,price_news,0.0,1.0,-0.001,0.012837776290758107,0.7386745095079928,1.1662424761165229
2016-03-11,1,0.0009190743382456734,-0.316944,0.3642708659172058,0.355,2016,xgboost,price_news,0.0,0.0,0.0,0.0009190743382456734,0.7386745095079928,1.1673143396484937
2016-03-14,1,0.0013000329606469574,-0.166772,0.5419683456420898,0.355,2016,xgboost,price_news,0.0,0.0,0.0,0.0013000329606469574,0.7386745095079928,1.1688318867654726
2016-03-15,1,0.004302834126879818,-0.23078400000000002,0.6175737380981445,0.355,2016,xgboost,price_news,1.0,1.0,0.0033028341268798176,0.004302834126879818,0.7411142288866521,1.1738611764964324
2016-03-16,1,0.008988377427788574,-0.09772799999999998,0.548525869846344,0.355,2016,xgboost,price_news,0.0,1.0,-0.001,0.008988377427788574,0.7403731146577655,1.1844122837986102
2016-03-17,1,0.006910769355637392,-0.14844400000000002,0.455612450838089,0.355,2016,xgboost,price_news,0.0,0.0,0.0,0.006910769355637392,0.7403731146577655,1.1925974839139262
2016-03-18,1,0.0012253148192580277,-0.264176,0.36075112223625183,0.355,2016,xgboost,price_news,0.0,0.0,0.0,0.0012253148192580277,0.7403731146577655,1.1940587912843756
2016-03-21,0,-0.0023433463259167064,-0.128252,0.46985095739364624,0.355,2016,xgboost,price_news,0.0,0.0,-0.0,-0.0023433463259167064,0.7403731146577655,1.1912606980028908
2016-03-22,0,-0.004548849603940752,-0.347976,0.6997663974761963,0.355,2016,xgboost,price_news,1.0,1.0,-0.005548849603940752,-0.004548849603940752,0.7362648955937283,1.1858418322485902
2016-03-23,1,0.0007507817481369194,-0.27936,0.567201554775238,0.355,2016,xgboost,price_news,1.0,0.0,0.0007507817481369194,0.0007507817481369194,0.736817669839134,1.1867321406524196
2016-03-24,1,0.0011224285527113853,-0.335432,0.4136158227920532,0.355,2016,xgboost,price_news,0.0,1.0,-0.001,0.0011224285527113853,0.7360808521692949,1.1880641626915083
2016-03-28,1,0.005572658863993718,-0.2515,0.545985996723175,0.355,2016,xgboost,price_news,0.0,0.0,0.0,0.005572658863993718,0.7360808521692949,1.1946848389787244
2016-03-29,1,0.004738289726624156,-0.136976,0.5938398838043213,0.355,2016,xgboost,price_news,1.0,1.0,0.0037382897266241564,0.004738289726624156,0.7388325356569242,1.200345601877811
2016-03-30,0,-0.0017819561769554237,-0.258184,0.565576434135437,0.355,2016,xgboost,price_news,1.0,0.0,-0.0017819561769554237,-0.0017819561769554237,0.7375159684562747,1.1982066386180634
2016-03-31,1,0.006087622791270508,-0.158796,0.623485267162323,0.355,2016,xgboost,price_news,1.0,0.0,0.006087622791270508,0.006087622791270508,0.742005687474775,1.2055008686599664
2016-04-01,0,-0.0031332986750221004,-0.17103200000000002,0.4570849537849426,0.355,2016,xgboost,price_news,0.0,1.0,-0.001,-0.0031332986750221004,0.7412636817873003,1.2017236743854562
2016-04-04,0,-0.007536769915994834,-0.220568,0.49307650327682495,0.355,2016,xgboost,price_news,0.0,0.0,-0.0,-0.007536769915994834,0.7412636817873003,1.1926665595490091
2016-04-05,1,0.006403932156091807,-0.19964400000000002,0.6291206479072571,0.355,2016,xgboost,price_news,1.0,1.0,0.005403932156091807,0.006403932156091807,0.7452694204334538,1.2003043152812005
2016-04-06,0,-0.009826673289213383,-0.137556,0.6600022912025452,0.355,2016,xgboost,price_news,1.0,0.0,-0.009826673289213383,-0.009826673289213383,0.7379459013264128,1.188509316927299
2016-04-07,1,0.0019952159353051613,-0.132592,0.6723024249076843,0.355,2016,xgboost,price_news,1.0,0.0,0.0019952159353051613,0.0019952159353051613,0.7394182627481324,1.1908806496556912
2016-04-08,0,-0.0011691885800103607,-0.165232,0.6854127645492554,0.355,2016,xgboost,price_news,1.0,0.0,-0.0011691885800103607,-0.0011691885800103607,0.7385537433594762,1.1894882855999585
2016-04-11,1,0.009389154305196268,-0.106372,0.5311562418937683,0.355,2016,xgboost,price_news,0.0,1.0,-0.001,0.009389154305196268,0.7378151896161167,1.2006565746576798
2016-04-12,1,0.010553956238978701,-0.126588,0.6315264701843262,0.355,2016,xgboost,price_news,1.0,1.0,0.0095539562389787,0.010553956238978701,0.7448642436501628,1.213328251604659
2016-04-13,1,0.0010135195402631858,-0.27245199999999997,0.5666411519050598,0.355,2016,xgboost,price_news,1.0,0.0,0.0010135195402631858,0.0010135195402631858,0.7456191781159456,1.2145579834964138
2016-04-14,0,-0.0016159798969558326,-0.22469999999999998,0.5969836711883545,0.355,2016,xgboost,price_news,1.0,0.0,-0.0016159798969558326,-0.0016159798969558326,0.7444142725133255,1.2125952822113963
2016-04-15,1,0.005961695816497414,-0.13953600000000002,0.6118141412734985,0.355,2016,xgboost,price_news,1.0,0.0,0.005961695816497414,0.005961695816497414,0.7488522439675092,1.2198244064324606
2016-04-18,1,0.002746001622492944,-0.21436400000000003,0.6004181504249573,0.355,2016,xgboost,price_news,1.0,0.0,0.002746001622492944,0.002746001622492944,0.7509085934444514,1.2231740462316807
2016-04-19,1,0.0023635132563109007,-0.255572,0.49721360206604004,0.355,2016,xgboost,price_news,0.0,1.0,-0.001,0.0023635132563109007,0.750157684851007,1.2260650343047248
2016-04-20,0,-0.006285825915951282,-0.123352,0.6316444277763367,0.355,2016,xgboost,price_news,1.0,1.0,-0.007285825915951282,-0.006285825915951282,0.7446921665496695,1.2183582029374505
2016-04-21,1,0.0011806170410881833,-0.09306,0.6240902543067932,0.355,2016,xgboost,price_news,1.0,0.0,0.0011806170410881833,0.0011806170410881833,0.745571362811863,1.219796617393988
2016-04-22,0,-0.0014724580156911804,-0.12436,0.7280563116073608,0.355,2016,xgboost,price_news,1.0,0.0,-0.0014724580156911804,-0.0014724580156911804,0.7444735402824209,1.2180005180871933
2016-04-25,1,0.0007275909889250531,-0.27645600000000004,0.5700700879096985,0.355,2016,xgboost,price_news,1.0,0.0,0.0007275909889250531,0.0007275909889250531,0.7450152125218235,1.2188867242886596
2016-04-26,1,0.0028476685301612736,-0.224192,0.5460882782936096,0.355,2016,xgboost,price_news,0.0,1.0,-0.001,0.0028476685301612736,0.7442701973093017,1.2223577096552478
2016-04-27,0,-0.011683641697918357,-0.230276,0.5668741464614868,0.355,2016,xgboost,price_news,1.0,1.0,-0.012683641697918357,-0.011683641697918357,0.7348301408001915,1.2080761201489478
2016-04-28,0,-0.0032034047763300766,-0.159168,0.6247672438621521,0.355,2016,xgboost,price_news,1.0,0.0,-0.0032034047763300766,-0.0032034047763300766,0.7324761824173609,1.2042061633354924
2016-04-29,1,0.0066120123321669055,-0.18942399999999998,0.6491085290908813,0.355,2016,xgboost,price_news,1.0,0.0,0.0066120123321669055,0.0066120123321669055,0.7373193239685231,1.212168389337938
2016-05-02,0,-0.007839066822783236,-0.322048,0.4727349579334259,0.355,2016,xgboost,price_news,0.0,1.0,-0.001,-0.007839066822783236,0.7365820046445546,1.2026661203334523
2016-05-03,0,-0.00561381862249577,-0.063276,0.589937686920166,0.355,2016,xgboost,price_news,1.0,1.0,-0.00661381862249577,-0.00561381862249577,0.7317103848652412,1.1959145708704797
2016-05-04,1,0.0005354389502671975,-0.326128,0.45205581188201904,0.355,2016,xgboost,price_news,0.0,1.0,-0.001,0.0005354389502671975,0.730978674480376,1.1965549101129158
2016-05-05,1,0.004525294665688628,-0.1906,0.5903876423835754,0.355,2016,xgboost,price_news,1.0,1.0,0.0035252946656886283,0.004525294665688628,0.7335555897022539,1.2019696736648533
2016-05-06,0,-0.001957128992534418,-0.262464,0.5525149703025818,0.355,2016,xgboost,price_news,1.0,0.0,-0.001957128992534418,-0.001957128992534418,0.7321199267900119,1.1996172639683766
2016-05-09,1,0.012563005857375797,-0.14076799999999998,0.5974608063697815,0.355,2016,xgboost,price_news,1.0,0.0,0.012563005857375797,0.012563005857375797,0.7413175537185763,1.2146880626822205
2016-05-10,0,-0.012116590357595047,-0.31436000000000003,0.46864089369773865,0.355,2016,xgboost,price_news,0.0,1.0,-0.001,-0.012116590357595047,0.7405762361648578,1.1999701850144393
2016-05-11,1,0.0005296593018950801,-0.102744,0.6052168607711792,0.355,2016,xgboost,price_news,1.0,1.0,-0.0004703406981049199,0.0005296593018950801,0.7402279130209402,1.200605760384929
2016-05-12,0,-0.01045002612793089,-0.208888,0.6941761374473572,0.355,2016,xgboost,price_news,1.0,0.0,-0.01045002612793089,-0.01045002612793089,0.7324925119892476,1.188059398819562
2016-05-13,1,0.010002134142937491,-0.06906000000000001,0.49237126111984253,0.355,2016,xgboost,price_news,0.0,1.0,-0.001,0.010002134142937491,0.7317600194772583,1.199942528296333
2016-05-16,0,-0.010204585780474118,-0.17963200000000001,0.30077606439590454,0.355,2016,xgboost,price_news,0.0,0.0,-0.0,-0.010204585780474118,0.7317600194772583,1.187697611834694
2016-05-17,0,-0.00019174738990401785,-0.17329999999999998,0.5668045282363892,0.355,2016,xgboost,price_news,1.0,1.0,-0.0011917473899040179,-0.00019174738990401785,0.7308879463840102,1.1874698739176295
2016-05-18,0,-0.005204583340697622,-0.15462399999999998,0.6445801258087158,0.355,2016,xgboost,price_news,1.0,0.0,-0.005204583340697622,-0.005204583340697622,0.7270839791543433,1.1812895879942575
2016-05-19,1,0.0037589651244160915,-0.205576,0.47349587082862854,0.355,2016,xgboost,price_news,0.0,1.0,-0.001,0.0037589651244160915,0.726356895175189,1.185730014357364
2016-05-20,0,-0.0004576762876935536,-0.17790399999999998,0.49443137645721436,0.355,2016,xgboost,price_news,0.0,0.0,-0.0,-0.0004576762876935536,0.726356895175189,1.185187333846186
2016-05-23,1,0.012183270429892534,-0.31994799999999995,0.48054423928260803,0.355,2016,xgboost,price_news,0.0,0.0,0.0,0.012183270429892534,0.726356895175189,1.1996267916445174
2016-05-24,1,0.008215213364014984,-0.14551999999999998,0.40821683406829834,0.355,2016,xgboost,price_news,0.0,0.0,0.0,0.008215213364014984,0.726356895175189,1.2094819816950657
2016-05-25,0,-0.001300769755857023,-0.34588,0.5385316014289856,0.355,2016,xgboost,price_news,0.0,0.0,-0.0,-0.001300769755857023,0.726356895175189,1.2079087241130229
2016-05-26,1,0.0025202441380518525,-0.237692,0.7276492118835449,0.355,2016,xgboost,price_news,1.0,1.0,0.0015202441380518525,0.0025202441380518525,0.7274611349872127,1.2109529489942703
2016-05-27,0,-0.00481286979159623,-0.249088,0.5843361616134644,0.355,2016,xgboost,price_news,1.0,0.0,-0.00481286979159623,-0.00481286979159623,0.7239599592660724,1.2051247901270115
2016-05-31,1,0.0001389034310339543,-0.204176,0.41409796476364136,0.355,2016,xgboost,price_news,0.0,1.0,-0.001,0.0001389034310339543,0.7232359993068063,1.2052921860951842
2016-06-01,1,0.0027482592546328455,-0.35397199999999995,0.5532561540603638,0.355,2016,xgboost,price_news,1.0,1.0,0.0017482592546328455,0.0027482592546328455,0.7245004033358781,1.208604641500157
2016-06-02,0,-0.001765837547093918,-0.27406400000000003,0.5769540667533875,0.355,2016,xgboost,price_news,1.0,0.0,-0.001765837547093918,-0.001765837547093918,0.7232210533207829,1.206470442044604
2016-06-03,1,0.00636093367016044,-0.12276,0.6257050037384033,0.355,2016,xgboost,price_news,1.0,0.0,0.00636093367016044,0.00636093367016044,0.72782141446982,1.2141447205014588
2016-06-06,1,0.0010016120753286728,-0.259328,0.6976039409637451,0.355,2016,xgboost,price_news,1.0,0.0,0.0010016120753286728,0.0010016120753286728,0.7285504091872357,1.2153608225147097
2016-06-07,1,0.00372229035430216,-0.113812,0.6129022836685181,0.355,2016,xgboost,price_news,1.0,0.0,0.00372229035430216,0.00372229035430216,0.7312622853479762,1.2198847483813529
2016-06-08,0,-0.0011030975830937928,-0.076536,0.7503466606140137,0.355,2016,xgboost,price_news,1.0,0.0,-0.0011030975830937928,-0.0011030975830937928,0.7304556316884012,1.2185390964637604
2016-06-09,0,-0.006663794635758391,-0.112252,0.5092917680740356,0.355,2016,xgboost,price_news,0.0,1.0,-0.001,-0.006663794635758391,0.7297251760567128,1.2104190021692833
2016-06-10,0,-0.007436711317004185,-0.14982800000000002,0.4369466304779053,0.355,2016,xgboost,price_news,0.0,0.0,-0.0,-0.007436711317004185,0.7297251760567128,1.201417465477534
2016-06-13,0,-0.003251668998073942,-0.153164,0.675252377986908,0.355,2016,xgboost,price_news,1.0,1.0,-0.004251668998073942,-0.003251668998073942,0.7266226261485584,1.1975108535512962
2016-06-14,0,-0.0019604380349187434,-0.152276,0.4854898452758789,0.355,2016,xgboost,price_news,0.0,1.0,-0.001,-0.0019604380349187434,0.7258960035224099,1.1951632077267662
2016-06-15,1,0.00526807209969693,-0.272508,0.5694751143455505,0.355,2016,xgboost,price_news,1.0,1.0,0.00426807209969693,0.00526807209969693,0.7289941800023255,1.201459413675976
2016-06-16,0,-0.003267305450119551,-0.264452,0.5438128709793091,0.355,2016,xgboost,price_news,0.0,1.0,-0.001,-0.003267305450119551,0.7282651858223232,1.197533878785575
2016-06-17,1,0.007338489940413195,-0.295452,0.4495878517627716,0.355,2016,xgboost,price_news,0.0,0.0,0.0,0.007338489940413195,0.7282651858223232,1.2063219691083469
2016-06-20,1,0.0013963218602235372,-0.35209199999999996,0.4954032599925995,0.355,2016,xgboost,price_news,0.0,0.0,0.0,0.0013963218602235372,0.7282651858223232,1.2080063828442809
2016-06-21,0,-0.0027426320933465753,-0.37329999999999997,0.5288093686103821,0.355,2016,xgboost,price_news,0.0,0.0,-0.0,-0.0027426320933465753,0.7282651858223232,1.2046932657697247
2016-06-22,1,0.012948789960310902,-0.095448,0.5106187462806702,0.355,2016,xgboost,price_news,0.0,0.0,0.0,0.012948789960310902,0.7282651858223232,1.220292585834778
2016-06-23,0,-0.033885843618819744,-0.1825,0.4437248706817627,0.355,2016,xgboost,price_news,0.0,0.0,-0.0,-0.033885843618819744,0.7282651858223232,1.1789419421019756
2016-06-24,0,-0.014971180322687183,-0.04683199999999999,0.5814228057861328,0.355,2016,xgboost,price_news,1.0,1.0,-0.015971180322687184,-0.014971180322687183,0.7166339312168196,1.1612917896967878
2016-06-27,1,0.015722094050085067,-0.100772,0.4815536141395569,0.355,2016,xgboost,price_news,0.0,1.0,-0.001,0.015722094050085067,0.7159172972856028,1.1795497284339924
2016-06-28,1,0.016367809102813435,-0.050452,0.40570396184921265,0.355,2016,xgboost,price_news,0.0,0.0,0.0,0.016367809102813435,0.7159172972856028,1.1988563732162754
2016-06-29,1,0.013298378391081167,-0.18404399999999999,0.5546687841415405,0.355,2016,xgboost,price_news,1.0,1.0,0.012298378391081166,0.013298378391081167,0.7247219191043413,1.2147992189038646
2016-06-30,1,0.0010808096795975608,-0.279312,0.6861220598220825,0.355,2016,xgboost,price_news,1.0,0.0,0.0010808096795975608,0.0010808096795975608,0.7255052055695257,1.2161121856584234
